session_id,label,original_len,step_0_Event_ID,step_0_Time_Delta,step_0_Query_Count,step_0_Is_Training,step_0_R2_Score,step_0_Suspicious_File,step_1_Event_ID,step_1_Time_Delta,step_1_Query_Count,step_1_Is_Training,step_1_R2_Score,step_1_Suspicious_File,step_2_Event_ID,step_2_Time_Delta,step_2_Query_Count,step_2_Is_Training,step_2_R2_Score,step_2_Suspicious_File,step_3_Event_ID,step_3_Time_Delta,step_3_Query_Count,step_3_Is_Training,step_3_R2_Score,step_3_Suspicious_File,step_4_Event_ID,step_4_Time_Delta,step_4_Query_Count,step_4_Is_Training,step_4_R2_Score,step_4_Suspicious_File,step_5_Event_ID,step_5_Time_Delta,step_5_Query_Count,step_5_Is_Training,step_5_R2_Score,step_5_Suspicious_File,step_6_Event_ID,step_6_Time_Delta,step_6_Query_Count,step_6_Is_Training,step_6_R2_Score,step_6_Suspicious_File,step_7_Event_ID,step_7_Time_Delta,step_7_Query_Count,step_7_Is_Training,step_7_R2_Score,step_7_Suspicious_File,step_8_Event_ID,step_8_Time_Delta,step_8_Query_Count,step_8_Is_Training,step_8_R2_Score,step_8_Suspicious_File,step_9_Event_ID,step_9_Time_Delta,step_9_Query_Count,step_9_Is_Training,step_9_R2_Score,step_9_Suspicious_File,step_10_Event_ID,step_10_Time_Delta,step_10_Query_Count,step_10_Is_Training,step_10_R2_Score,step_10_Suspicious_File,step_11_Event_ID,step_11_Time_Delta,step_11_Query_Count,step_11_Is_Training,step_11_R2_Score,step_11_Suspicious_File,step_12_Event_ID,step_12_Time_Delta,step_12_Query_Count,step_12_Is_Training,step_12_R2_Score,step_12_Suspicious_File,step_13_Event_ID,step_13_Time_Delta,step_13_Query_Count,step_13_Is_Training,step_13_R2_Score,step_13_Suspicious_File,step_14_Event_ID,step_14_Time_Delta,step_14_Query_Count,step_14_Is_Training,step_14_R2_Score,step_14_Suspicious_File,step_15_Event_ID,step_15_Time_Delta,step_15_Query_Count,step_15_Is_Training,step_15_R2_Score,step_15_Suspicious_File,step_16_Event_ID,step_16_Time_Delta,step_16_Query_Count,step_16_Is_Training,step_16_R2_Score,step_16_Suspicious_File,step_17_Event_ID,step_17_Time_Delta,step_17_Query_Count,step_17_Is_Training,step_17_R2_Score,step_17_Suspicious_File
task_26356075,normal,6,1,0.0,0,0,0.0,0,2,2.367165,0,0,0.0,0,4,16.500079,2,0,0.0,0,6,8.692672,0,0,0.0,0,7,3.358338,0,0,0.0,0,8,1.0,0,0,0.0,0,0,0.0,0,0,0.0,0,0,0.0,0,0,0.0,0,0,0.0,0,0,0.0,0,0,0.0,0,0,0.0,0,0,0.0,0,0,0.0,0,0,0.0,0,0,0.0,0,0,0.0,0,0,0.0,0,0,0.0,0,0,0.0,0,0,0.0,0,0,0.0,0,0,0.0,0,0,0.0,0,0,0.0,0,0,0.0,0,0,0.0,0,0,0.0,0
task_d085f32c,normal,6,1,0.0,0,0,0.0,0,2,3.016834,0,0,0.0,0,4,17.92426,3,0,0.0,0,6,8.67754,0,0,0.0,0,7,3.896179,0,0,0.0,0,8,1.0,0,0,0.0,0,0,0.0,0,0,0.0,0,0,0.0,0,0,0.0,0,0,0.0,0,0,0.0,0,0,0.0,0,0,0.0,0,0,0.0,0,0,0.0,0,0,0.0,0,0,0.0,0,0,0.0,0,0,0.0,0,0,0.0,0,0,0.0,0,0,0.0,0,0,0.0,0,0,0.0,0,0,0.0,0,0,0.0,0,0,0.0,0,0,0.0,0,0,0.0,0
task_c679ab54,normal,6,1,0.0,0,0,0.0,0,2,4.841466,0,0,0.0,0,4,17.955777,2,0,0.0,0,6,9.865705,0,0,0.0,0,7,2.728678,0,0,0.0,0,8,1.0,0,0,0.0,0,0,0.0,0,0,0.0,0,0,0.0,0,0,0.0,0,0,0.0,0,0,0.0,0,0,0.0,0,0,0.0,0,0,0.0,0,0,0.0,0,0,0.0,0,0,0.0,0,0,0.0,0,0,0.0,0,0,0.0,0,0,0.0,0,0,0.0,0,0,0.0,0,0,0.0,0,0,0.0,0,0,0.0,0,0,0.0,0,0,0.0,0,0,0.0,0
task_ebfa0bdb,normal,6,1,0.0,0,0,0.0,0,2,2.757141,0,0,0.0,0,4,17.675941,1,0,0.0,0,6,6.979648,0,0,0.0,0,7,3.774857,0,0,0.0,0,8,1.0,0,0,0.0,0,0,0.0,0,0,0.0,0,0,0.0,0,0,0.0,0,0,0.0,0,0,0.0,0,0,0.0,0,0,0.0,0,0,0.0,0,0,0.0,0,0,0.0,0,0,0.0,0,0,0.0,0,0,0.0,0,0,0.0,0,0,0.0,0,0,0.0,0,0,0.0,0,0,0.0,0,0,0.0,0,0,0.0,0,0,0.0,0,0,0.0,0,0,0.0,0
task_30ae2dfb,normal,6,1,0.0,0,0,0.0,0,2,4.017778,0,0,0.0,0,4,15.79179,1,0,0.0,0,6,5.259887,0,0,0.0,0,7,3.605054,0,0,0.0,0,8,1.0,0,0,0.0,0,0,0.0,0,0,0.0,0,0,0.0,0,0,0.0,0,0,0.0,0,0,0.0,0,0,0.0,0,0,0.0,0,0,0.0,0,0,0.0,0,0,0.0,0,0,0.0,0,0,0.0,0,0,0.0,0,0,0.0,0,0,0.0,0,0,0.0,0,0,0.0,0,0,0.0,0,0,0.0,0,0,0.0,0,0,0.0,0,0,0.0,0,0,0.0,0
task_ffb2a7cc,normal,6,1,0.0,0,0,0.0,0,2,4.181671,0,0,0.0,0,4,15.097377,5,0,0.0,0,6,8.490869,0,0,0.0,0,7,2.062564,0,0,0.0,0,8,1.0,0,0,0.0,0,0,0.0,0,0,0.0,0,0,0.0,0,0,0.0,0,0,0.0,0,0,0.0,0,0,0.0,0,0,0.0,0,0,0.0,0,0,0.0,0,0,0.0,0,0,0.0,0,0,0.0,0,0,0.0,0,0,0.0,0,0,0.0,0,0,0.0,0,0,0.0,0,0,0.0,0,0,0.0,0,0,0.0,0,0,0.0,0,0,0.0,0,0,0.0,0
task_fe873db3,normal,6,1,0.0,0,0,0.0,0,2,1.452288,0,0,0.0,0,4,16.498896,2,0,0.0,0,6,6.647068,0,0,0.0,0,7,3.06759,0,0,0.0,0,8,1.0,0,0,0.0,0,0,0.0,0,0,0.0,0,0,0.0,0,0,0.0,0,0,0.0,0,0,0.0,0,0,0.0,0,0,0.0,0,0,0.0,0,0,0.0,0,0,0.0,0,0,0.0,0,0,0.0,0,0,0.0,0,0,0.0,0,0,0.0,0,0,0.0,0,0,0.0,0,0,0.0,0,0,0.0,0,0,0.0,0,0,0.0,0,0,0.0,0,0,0.0,0
task_69ed8c3c,normal,6,1,0.0,0,0,0.0,0,2,1.293821,0,0,0.0,0,4,19.294339,3,0,0.0,0,6,5.327436,0,0,0.0,0,7,3.411735,0,0,0.0,0,8,1.0,0,0,0.0,0,0,0.0,0,0,0.0,0,0,0.0,0,0,0.0,0,0,0.0,0,0,0.0,0,0,0.0,0,0,0.0,0,0,0.0,0,0,0.0,0,0,0.0,0,0,0.0,0,0,0.0,0,0,0.0,0,0,0.0,0,0,0.0,0,0,0.0,0,0,0.0,0,0,0.0,0,0,0.0,0,0,0.0,0,0,0.0,0,0,0.0,0,0,0.0,0
task_8c7e83a7,malicious,18,1,0.0,0,0,0.0,0,3,1.242891,0,0,0.0,0,4,1.070903,1000,0,0.0,0,4,4.21256,1000,0,0.0,0,4,3.739968,1000,0,0.0,0,4,4.006438,1000,0,0.0,0,5,3.778365,0,1,0.4479,0,4,4.02772,1000,0,0.0,0,4,3.664994,1000,0,0.0,0,4,3.047093,1000,0,0.0,0,5,2.652914,0,1,0.5775,0,4,3.390192,1000,0,0.0,0,4,3.646035,1000,0,0.0,0,4,2.957959,1000,0,0.0,0,5,3.655711,0,1,0.7723,0,7,5.392001,0,0,0.0,1,7,0.5,0,0,0.0,0,8,1.0,0,0,0.0,0
task_af97ed63,normal,6,1,0.0,0,0,0.0,0,2,3.822803,0,0,0.0,0,4,17.166338,2,0,0.0,0,6,8.918181,0,0,0.0,0,7,3.701553,0,0,0.0,0,8,1.0,0,0,0.0,0,0,0.0,0,0,0.0,0,0,0.0,0,0,0.0,0,0,0.0,0,0,0.0,0,0,0.0,0,0,0.0,0,0,0.0,0,0,0.0,0,0,0.0,0,0,0.0,0,0,0.0,0,0,0.0,0,0,0.0,0,0,0.0,0,0,0.0,0,0,0.0,0,0,0.0,0,0,0.0,0,0,0.0,0,0,0.0,0,0,0.0,0,0,0.0,0
task_90b1096f,malicious,18,1,0.0,0,0,0.0,0,3,1.572404,0,0,0.0,0,4,1.366473,1000,0,0.0,0,4,3.211026,1000,0,0.0,0,4,4.486635,1000,0,0.0,0,4,2.792623,1000,0,0.0,0,5,3.706655,0,1,0.4362,0,4,3.456133,1000,0,0.0,0,4,2.57148,1000,0,0.0,0,4,3.143256,1000,0,0.0,0,5,3.077008,0,1,0.6165,0,4,2.564783,1000,0,0.0,0,4,2.956483,1000,0,0.0,0,4,2.773444,1000,0,0.0,0,5,4.651577,0,1,0.7583,0,7,5.459683,0,0,0.0,1,7,0.5,0,0,0.0,0,8,1.0,0,0,0.0,0
task_58b81314,normal,6,1,0.0,0,0,0.0,0,2,1.585588,0,0,0.0,0,4,15.836245,4,0,0.0,0,6,6.849458,0,0,0.0,0,7,4.026222,0,0,0.0,0,8,1.0,0,0,0.0,0,0,0.0,0,0,0.0,0,0,0.0,0,0,0.0,0,0,0.0,0,0,0.0,0,0,0.0,0,0,0.0,0,0,0.0,0,0,0.0,0,0,0.0,0,0,0.0,0,0,0.0,0,0,0.0,0,0,0.0,0,0,0.0,0,0,0.0,0,0,0.0,0,0,0.0,0,0,0.0,0,0,0.0,0,0,0.0,0,0,0.0,0,0,0.0,0
task_12ef0b3d,normal,6,1,0.0,0,0,0.0,0,2,2.242388,0,0,0.0,0,4,12.066257,1,0,0.0,0,6,9.541247,0,0,0.0,0,7,4.032185,0,0,0.0,0,8,1.0,0,0,0.0,0,0,0.0,0,0,0.0,0,0,0.0,0,0,0.0,0,0,0.0,0,0,0.0,0,0,0.0,0,0,0.0,0,0,0.0,0,0,0.0,0,0,0.0,0,0,0.0,0,0,0.0,0,0,0.0,0,0,0.0,0,0,0.0,0,0,0.0,0,0,0.0,0,0,0.0,0,0,0.0,0,0,0.0,0,0,0.0,0,0,0.0,0,0,0.0,0
task_8426f8f6,malicious,18,1,0.0,0,0,0.0,0,3,1.322847,0,0,0.0,0,4,1.920479,1000,0,0.0,0,4,3.137186,1000,0,0.0,0,4,3.183629,1000,0,0.0,0,4,3.557312,1000,0,0.0,0,5,3.091071,0,1,0.4593,0,4,2.244024,1000,0,0.0,0,4,2.485399,1000,0,0.0,0,4,2.605253,1000,0,0.0,0,5,2.090343,0,1,0.5875,0,4,2.87567,1000,0,0.0,0,4,3.277008,1000,0,0.0,0,4,3.150712,1000,0,0.0,0,5,4.117811,0,1,0.7861,0,7,6.204225,0,0,0.0,1,7,0.5,0,0,0.0,0,8,1.0,0,0,0.0,0
task_e2f855fe,malicious,18,1,0.0,0,0,0.0,0,3,1.326823,0,0,0.0,0,4,0.595818,1000,0,0.0,0,4,3.168639,1000,0,0.0,0,4,3.407026,1000,0,0.0,0,4,2.854223,1000,0,0.0,0,5,2.859028,0,1,0.4502,0,4,4.409599,1000,0,0.0,0,4,2.450767,1000,0,0.0,0,4,2.408009,1000,0,0.0,0,5,3.130419,0,1,0.62,0,4,3.408218,1000,0,0.0,0,4,3.649291,1000,0,0.0,0,4,2.651495,1000,0,0.0,0,5,2.027759,0,1,0.7804,0,7,4.340106,0,0,0.0,1,7,0.5,0,0,0.0,0,8,1.0,0,0,0.0,0
task_ac81d513,normal,6,1,0.0,0,0,0.0,0,2,1.943169,0,0,0.0,0,4,15.343379,1,0,0.0,0,6,6.809447,0,0,0.0,0,7,2.723702,0,0,0.0,0,8,1.0,0,0,0.0,0,0,0.0,0,0,0.0,0,0,0.0,0,0,0.0,0,0,0.0,0,0,0.0,0,0,0.0,0,0,0.0,0,0,0.0,0,0,0.0,0,0,0.0,0,0,0.0,0,0,0.0,0,0,0.0,0,0,0.0,0,0,0.0,0,0,0.0,0,0,0.0,0,0,0.0,0,0,0.0,0,0,0.0,0,0,0.0,0,0,0.0,0,0,0.0,0
task_0f8ef3e0,normal,6,1,0.0,0,0,0.0,0,2,1.873636,0,0,0.0,0,4,16.065853,2,0,0.0,0,6,8.061214,0,0,0.0,0,7,4.731531,0,0,0.0,0,8,1.0,0,0,0.0,0,0,0.0,0,0,0.0,0,0,0.0,0,0,0.0,0,0,0.0,0,0,0.0,0,0,0.0,0,0,0.0,0,0,0.0,0,0,0.0,0,0,0.0,0,0,0.0,0,0,0.0,0,0,0.0,0,0,0.0,0,0,0.0,0,0,0.0,0,0,0.0,0,0,0.0,0,0,0.0,0,0,0.0,0,0,0.0,0,0,0.0,0,0,0.0,0
task_28366f13,malicious,18,1,0.0,0,0,0.0,0,3,2.654492,0,0,0.0,0,4,1.913423,1000,0,0.0,0,4,3.635613,1000,0,0.0,0,4,3.830815,1000,0,0.0,0,4,2.490486,1000,0,0.0,0,5,3.70415,0,1,0.428,0,4,4.466351,1000,0,0.0,0,4,4.166022,1000,0,0.0,0,4,2.850151,1000,0,0.0,0,5,4.060621,0,1,0.5326,0,4,3.597113,1000,0,0.0,0,4,2.98985,1000,0,0.0,0,4,2.551148,1000,0,0.0,0,5,2.272577,0,1,0.6475,0,7,6.163615,0,0,0.0,1,7,0.5,0,0,0.0,0,8,1.0,0,0,0.0,0
task_c8fa0bc1,normal,6,1,0.0,0,0,0.0,0,2,3.348526,0,0,0.0,0,4,10.07651,1,0,0.0,0,6,6.036418,0,0,0.0,0,7,2.282704,0,0,0.0,0,8,1.0,0,0,0.0,0,0,0.0,0,0,0.0,0,0,0.0,0,0,0.0,0,0,0.0,0,0,0.0,0,0,0.0,0,0,0.0,0,0,0.0,0,0,0.0,0,0,0.0,0,0,0.0,0,0,0.0,0,0,0.0,0,0,0.0,0,0,0.0,0,0,0.0,0,0,0.0,0,0,0.0,0,0,0.0,0,0,0.0,0,0,0.0,0,0,0.0,0,0,0.0,0
task_109fcc9c,normal,6,1,0.0,0,0,0.0,0,2,1.394021,0,0,0.0,0,4,15.261328,2,0,0.0,0,6,8.14313,0,0,0.0,0,7,2.667798,0,0,0.0,0,8,1.0,0,0,0.0,0,0,0.0,0,0,0.0,0,0,0.0,0,0,0.0,0,0,0.0,0,0,0.0,0,0,0.0,0,0,0.0,0,0,0.0,0,0,0.0,0,0,0.0,0,0,0.0,0,0,0.0,0,0,0.0,0,0,0.0,0,0,0.0,0,0,0.0,0,0,0.0,0,0,0.0,0,0,0.0,0,0,0.0,0,0,0.0,0,0,0.0,0,0,0.0,0
task_ec15147f,normal,6,1,0.0,0,0,0.0,0,2,3.538729,0,0,0.0,0,4,12.304025,1,0,0.0,0,6,5.846964,0,0,0.0,0,7,4.620985,0,0,0.0,0,8,1.0,0,0,0.0,0,0,0.0,0,0,0.0,0,0,0.0,0,0,0.0,0,0,0.0,0,0,0.0,0,0,0.0,0,0,0.0,0,0,0.0,0,0,0.0,0,0,0.0,0,0,0.0,0,0,0.0,0,0,0.0,0,0,0.0,0,0,0.0,0,0,0.0,0,0,0.0,0,0,0.0,0,0,0.0,0,0,0.0,0,0,0.0,0,0,0.0,0,0,0.0,0
task_9337ec0b,normal,6,1,0.0,0,0,0.0,0,2,1.569565,0,0,0.0,0,4,19.987501,2,0,0.0,0,6,8.189842,0,0,0.0,0,7,2.998686,0,0,0.0,0,8,1.0,0,0,0.0,0,0,0.0,0,0,0.0,0,0,0.0,0,0,0.0,0,0,0.0,0,0,0.0,0,0,0.0,0,0,0.0,0,0,0.0,0,0,0.0,0,0,0.0,0,0,0.0,0,0,0.0,0,0,0.0,0,0,0.0,0,0,0.0,0,0,0.0,0,0,0.0,0,0,0.0,0,0,0.0,0,0,0.0,0,0,0.0,0,0,0.0,0,0,0.0,0
task_f9ec478a,normal,6,1,0.0,0,0,0.0,0,2,4.551947,0,0,0.0,0,4,10.306527,5,0,0.0,0,6,6.761717,0,0,0.0,0,7,3.508085,0,0,0.0,0,8,1.0,0,0,0.0,0,0,0.0,0,0,0.0,0,0,0.0,0,0,0.0,0,0,0.0,0,0,0.0,0,0,0.0,0,0,0.0,0,0,0.0,0,0,0.0,0,0,0.0,0,0,0.0,0,0,0.0,0,0,0.0,0,0,0.0,0,0,0.0,0,0,0.0,0,0,0.0,0,0,0.0,0,0,0.0,0,0,0.0,0,0,0.0,0,0,0.0,0,0,0.0,0
task_6ac1cec3,normal,6,1,0.0,0,0,0.0,0,2,3.594409,0,0,0.0,0,4,19.295179,4,0,0.0,0,6,6.919114,0,0,0.0,0,7,3.809247,0,0,0.0,0,8,1.0,0,0,0.0,0,0,0.0,0,0,0.0,0,0,0.0,0,0,0.0,0,0,0.0,0,0,0.0,0,0,0.0,0,0,0.0,0,0,0.0,0,0,0.0,0,0,0.0,0,0,0.0,0,0,0.0,0,0,0.0,0,0,0.0,0,0,0.0,0,0,0.0,0,0,0.0,0,0,0.0,0,0,0.0,0,0,0.0,0,0,0.0,0,0,0.0,0,0,0.0,0
task_e29aaf13,normal,6,1,0.0,0,0,0.0,0,2,3.106647,0,0,0.0,0,4,13.780988,3,0,0.0,0,6,5.827109,0,0,0.0,0,7,4.773102,0,0,0.0,0,8,1.0,0,0,0.0,0,0,0.0,0,0,0.0,0,0,0.0,0,0,0.0,0,0,0.0,0,0,0.0,0,0,0.0,0,0,0.0,0,0,0.0,0,0,0.0,0,0,0.0,0,0,0.0,0,0,0.0,0,0,0.0,0,0,0.0,0,0,0.0,0,0,0.0,0,0,0.0,0,0,0.0,0,0,0.0,0,0,0.0,0,0,0.0,0,0,0.0,0,0,0.0,0
task_1371ed45,malicious,18,1,0.0,0,0,0.0,0,3,2.756923,0,0,0.0,0,4,0.996066,1000,0,0.0,0,4,3.253577,1000,0,0.0,0,4,2.586167,1000,0,0.0,0,4,2.543233,1000,0,0.0,0,5,3.570624,0,1,0.4639,0,4,2.740877,1000,0,0.0,0,4,4.570848,1000,0,0.0,0,4,2.790433,1000,0,0.0,0,5,4.805134,0,1,0.5879,0,4,2.112374,1000,0,0.0,0,4,2.148056,1000,0,0.0,0,4,4.7751,1000,0,0.0,0,5,3.194729,0,1,0.7303,0,7,5.640127,0,0,0.0,1,7,0.5,0,0,0.0,0,8,1.0,0,0,0.0,0
task_c64e8e46,normal,6,1,0.0,0,0,0.0,0,2,4.599742,0,0,0.0,0,4,15.708253,1,0,0.0,0,6,8.315069,0,0,0.0,0,7,3.958374,0,0,0.0,0,8,1.0,0,0,0.0,0,0,0.0,0,0,0.0,0,0,0.0,0,0,0.0,0,0,0.0,0,0,0.0,0,0,0.0,0,0,0.0,0,0,0.0,0,0,0.0,0,0,0.0,0,0,0.0,0,0,0.0,0,0,0.0,0,0,0.0,0,0,0.0,0,0,0.0,0,0,0.0,0,0,0.0,0,0,0.0,0,0,0.0,0,0,0.0,0,0,0.0,0,0,0.0,0
task_771c4d1e,normal,6,1,0.0,0,0,0.0,0,2,1.52324,0,0,0.0,0,4,17.386087,1,0,0.0,0,6,9.835832,0,0,0.0,0,7,3.806507,0,0,0.0,0,8,1.0,0,0,0.0,0,0,0.0,0,0,0.0,0,0,0.0,0,0,0.0,0,0,0.0,0,0,0.0,0,0,0.0,0,0,0.0,0,0,0.0,0,0,0.0,0,0,0.0,0,0,0.0,0,0,0.0,0,0,0.0,0,0,0.0,0,0,0.0,0,0,0.0,0,0,0.0,0,0,0.0,0,0,0.0,0,0,0.0,0,0,0.0,0,0,0.0,0,0,0.0,0
task_e264b0c1,normal,6,1,0.0,0,0,0.0,0,2,1.460535,0,0,0.0,0,4,18.121926,4,0,0.0,0,6,7.108657,0,0,0.0,0,7,4.918757,0,0,0.0,0,8,1.0,0,0,0.0,0,0,0.0,0,0,0.0,0,0,0.0,0,0,0.0,0,0,0.0,0,0,0.0,0,0,0.0,0,0,0.0,0,0,0.0,0,0,0.0,0,0,0.0,0,0,0.0,0,0,0.0,0,0,0.0,0,0,0.0,0,0,0.0,0,0,0.0,0,0,0.0,0,0,0.0,0,0,0.0,0,0,0.0,0,0,0.0,0,0,0.0,0,0,0.0,0
task_4429023d,normal,6,1,0.0,0,0,0.0,0,2,4.484122,0,0,0.0,0,4,12.240941,5,0,0.0,0,6,9.293328,0,0,0.0,0,7,4.419335,0,0,0.0,0,8,1.0,0,0,0.0,0,0,0.0,0,0,0.0,0,0,0.0,0,0,0.0,0,0,0.0,0,0,0.0,0,0,0.0,0,0,0.0,0,0,0.0,0,0,0.0,0,0,0.0,0,0,0.0,0,0,0.0,0,0,0.0,0,0,0.0,0,0,0.0,0,0,0.0,0,0,0.0,0,0,0.0,0,0,0.0,0,0,0.0,0,0,0.0,0,0,0.0,0,0,0.0,0
task_75fa0e37,normal,6,1,0.0,0,0,0.0,0,2,3.879641,0,0,0.0,0,4,15.596433,5,0,0.0,0,6,9.366514,0,0,0.0,0,7,2.435572,0,0,0.0,0,8,1.0,0,0,0.0,0,0,0.0,0,0,0.0,0,0,0.0,0,0,0.0,0,0,0.0,0,0,0.0,0,0,0.0,0,0,0.0,0,0,0.0,0,0,0.0,0,0,0.0,0,0,0.0,0,0,0.0,0,0,0.0,0,0,0.0,0,0,0.0,0,0,0.0,0,0,0.0,0,0,0.0,0,0,0.0,0,0,0.0,0,0,0.0,0,0,0.0,0,0,0.0,0
task_1ab85da8,normal,6,1,0.0,0,0,0.0,0,2,4.573187,0,0,0.0,0,4,17.536754,2,0,0.0,0,6,7.938545,0,0,0.0,0,7,2.493529,0,0,0.0,0,8,1.0,0,0,0.0,0,0,0.0,0,0,0.0,0,0,0.0,0,0,0.0,0,0,0.0,0,0,0.0,0,0,0.0,0,0,0.0,0,0,0.0,0,0,0.0,0,0,0.0,0,0,0.0,0,0,0.0,0,0,0.0,0,0,0.0,0,0,0.0,0,0,0.0,0,0,0.0,0,0,0.0,0,0,0.0,0,0,0.0,0,0,0.0,0,0,0.0,0,0,0.0,0
task_4d28156f,malicious,18,1,0.0,0,0,0.0,0,3,1.06108,0,0,0.0,0,4,1.943217,1000,0,0.0,0,4,3.600523,1000,0,0.0,0,4,4.053213,1000,0,0.0,0,4,3.781877,1000,0,0.0,0,5,2.385921,0,1,0.4812,0,4,3.312977,1000,0,0.0,0,4,3.252517,1000,0,0.0,0,4,3.434781,1000,0,0.0,0,5,3.048857,0,1,0.5879,0,4,3.128945,1000,0,0.0,0,4,2.747486,1000,0,0.0,0,4,2.957054,1000,0,0.0,0,5,4.723432,0,1,0.7233,0,7,4.691335,0,0,0.0,1,7,0.5,0,0,0.0,0,8,1.0,0,0,0.0,0
task_d9ee2701,normal,6,1,0.0,0,0,0.0,0,2,2.710149,0,0,0.0,0,4,19.810906,1,0,0.0,0,6,8.828338,0,0,0.0,0,7,4.278941,0,0,0.0,0,8,1.0,0,0,0.0,0,0,0.0,0,0,0.0,0,0,0.0,0,0,0.0,0,0,0.0,0,0,0.0,0,0,0.0,0,0,0.0,0,0,0.0,0,0,0.0,0,0,0.0,0,0,0.0,0,0,0.0,0,0,0.0,0,0,0.0,0,0,0.0,0,0,0.0,0,0,0.0,0,0,0.0,0,0,0.0,0,0,0.0,0,0,0.0,0,0,0.0,0,0,0.0,0
task_d852945b,malicious,18,1,0.0,0,0,0.0,0,3,2.818383,0,0,0.0,0,4,0.91908,1000,0,0.0,0,4,4.529428,1000,0,0.0,0,4,1.983121,1000,0,0.0,0,4,3.345827,1000,0,0.0,0,5,2.859786,0,1,0.4558,0,4,3.140734,1000,0,0.0,0,4,3.908739,1000,0,0.0,0,4,3.712652,1000,0,0.0,0,5,4.398293,0,1,0.5719,0,4,1.946565,1000,0,0.0,0,4,4.153355,1000,0,0.0,0,4,2.735459,1000,0,0.0,0,5,2.756806,0,1,0.7712,0,7,5.485183,0,0,0.0,1,7,0.5,0,0,0.0,0,8,1.0,0,0,0.0,0
task_d1484498,normal,6,1,0.0,0,0,0.0,0,2,1.141145,0,0,0.0,0,4,15.590855,5,0,0.0,0,6,9.067934,0,0,0.0,0,7,3.942323,0,0,0.0,0,8,1.0,0,0,0.0,0,0,0.0,0,0,0.0,0,0,0.0,0,0,0.0,0,0,0.0,0,0,0.0,0,0,0.0,0,0,0.0,0,0,0.0,0,0,0.0,0,0,0.0,0,0,0.0,0,0,0.0,0,0,0.0,0,0,0.0,0,0,0.0,0,0,0.0,0,0,0.0,0,0,0.0,0,0,0.0,0,0,0.0,0,0,0.0,0,0,0.0,0,0,0.0,0
task_85306f53,normal,6,1,0.0,0,0,0.0,0,2,1.677262,0,0,0.0,0,4,19.218119,2,0,0.0,0,6,7.666878,0,0,0.0,0,7,3.009909,0,0,0.0,0,8,1.0,0,0,0.0,0,0,0.0,0,0,0.0,0,0,0.0,0,0,0.0,0,0,0.0,0,0,0.0,0,0,0.0,0,0,0.0,0,0,0.0,0,0,0.0,0,0,0.0,0,0,0.0,0,0,0.0,0,0,0.0,0,0,0.0,0,0,0.0,0,0,0.0,0,0,0.0,0,0,0.0,0,0,0.0,0,0,0.0,0,0,0.0,0,0,0.0,0,0,0.0,0
task_63294b1d,normal,6,1,0.0,0,0,0.0,0,2,1.801983,0,0,0.0,0,4,10.768182,4,0,0.0,0,6,7.316794,0,0,0.0,0,7,2.344057,0,0,0.0,0,8,1.0,0,0,0.0,0,0,0.0,0,0,0.0,0,0,0.0,0,0,0.0,0,0,0.0,0,0,0.0,0,0,0.0,0,0,0.0,0,0,0.0,0,0,0.0,0,0,0.0,0,0,0.0,0,0,0.0,0,0,0.0,0,0,0.0,0,0,0.0,0,0,0.0,0,0,0.0,0,0,0.0,0,0,0.0,0,0,0.0,0,0,0.0,0,0,0.0,0,0,0.0,0
task_799e7c42,normal,6,1,0.0,0,0,0.0,0,2,4.87704,0,0,0.0,0,4,10.463599,1,0,0.0,0,6,7.79709,0,0,0.0,0,7,4.431782,0,0,0.0,0,8,1.0,0,0,0.0,0,0,0.0,0,0,0.0,0,0,0.0,0,0,0.0,0,0,0.0,0,0,0.0,0,0,0.0,0,0,0.0,0,0,0.0,0,0,0.0,0,0,0.0,0,0,0.0,0,0,0.0,0,0,0.0,0,0,0.0,0,0,0.0,0,0,0.0,0,0,0.0,0,0,0.0,0,0,0.0,0,0,0.0,0,0,0.0,0,0,0.0,0,0,0.0,0
task_cbce6ae1,normal,6,1,0.0,0,0,0.0,0,2,3.264654,0,0,0.0,0,4,10.647556,4,0,0.0,0,6,7.049616,0,0,0.0,0,7,4.901185,0,0,0.0,0,8,1.0,0,0,0.0,0,0,0.0,0,0,0.0,0,0,0.0,0,0,0.0,0,0,0.0,0,0,0.0,0,0,0.0,0,0,0.0,0,0,0.0,0,0,0.0,0,0,0.0,0,0,0.0,0,0,0.0,0,0,0.0,0,0,0.0,0,0,0.0,0,0,0.0,0,0,0.0,0,0,0.0,0,0,0.0,0,0,0.0,0,0,0.0,0,0,0.0,0,0,0.0,0
task_484d0304,normal,6,1,0.0,0,0,0.0,0,2,4.220689,0,0,0.0,0,4,19.921725,2,0,0.0,0,6,7.603475,0,0,0.0,0,7,3.537254,0,0,0.0,0,8,1.0,0,0,0.0,0,0,0.0,0,0,0.0,0,0,0.0,0,0,0.0,0,0,0.0,0,0,0.0,0,0,0.0,0,0,0.0,0,0,0.0,0,0,0.0,0,0,0.0,0,0,0.0,0,0,0.0,0,0,0.0,0,0,0.0,0,0,0.0,0,0,0.0,0,0,0.0,0,0,0.0,0,0,0.0,0,0,0.0,0,0,0.0,0,0,0.0,0,0,0.0,0
task_e99cd5e0,normal,6,1,0.0,0,0,0.0,0,2,3.567703,0,0,0.0,0,4,17.600837,5,0,0.0,0,6,8.206787,0,0,0.0,0,7,4.645892,0,0,0.0,0,8,1.0,0,0,0.0,0,0,0.0,0,0,0.0,0,0,0.0,0,0,0.0,0,0,0.0,0,0,0.0,0,0,0.0,0,0,0.0,0,0,0.0,0,0,0.0,0,0,0.0,0,0,0.0,0,0,0.0,0,0,0.0,0,0,0.0,0,0,0.0,0,0,0.0,0,0,0.0,0,0,0.0,0,0,0.0,0,0,0.0,0,0,0.0,0,0,0.0,0,0,0.0,0
task_3ecaa4fe,normal,6,1,0.0,0,0,0.0,0,2,1.878924,0,0,0.0,0,4,11.887926,4,0,0.0,0,6,7.988999,0,0,0.0,0,7,4.66218,0,0,0.0,0,8,1.0,0,0,0.0,0,0,0.0,0,0,0.0,0,0,0.0,0,0,0.0,0,0,0.0,0,0,0.0,0,0,0.0,0,0,0.0,0,0,0.0,0,0,0.0,0,0,0.0,0,0,0.0,0,0,0.0,0,0,0.0,0,0,0.0,0,0,0.0,0,0,0.0,0,0,0.0,0,0,0.0,0,0,0.0,0,0,0.0,0,0,0.0,0,0,0.0,0,0,0.0,0
task_7d398bed,normal,6,1,0.0,0,0,0.0,0,2,2.948787,0,0,0.0,0,4,17.601967,3,0,0.0,0,6,7.082974,0,0,0.0,0,7,2.926917,0,0,0.0,0,8,1.0,0,0,0.0,0,0,0.0,0,0,0.0,0,0,0.0,0,0,0.0,0,0,0.0,0,0,0.0,0,0,0.0,0,0,0.0,0,0,0.0,0,0,0.0,0,0,0.0,0,0,0.0,0,0,0.0,0,0,0.0,0,0,0.0,0,0,0.0,0,0,0.0,0,0,0.0,0,0,0.0,0,0,0.0,0,0,0.0,0,0,0.0,0,0,0.0,0,0,0.0,0
task_a36c4340,normal,6,1,0.0,0,0,0.0,0,2,1.949876,0,0,0.0,0,4,19.228082,4,0,0.0,0,6,5.290165,0,0,0.0,0,7,2.849297,0,0,0.0,0,8,1.0,0,0,0.0,0,0,0.0,0,0,0.0,0,0,0.0,0,0,0.0,0,0,0.0,0,0,0.0,0,0,0.0,0,0,0.0,0,0,0.0,0,0,0.0,0,0,0.0,0,0,0.0,0,0,0.0,0,0,0.0,0,0,0.0,0,0,0.0,0,0,0.0,0,0,0.0,0,0,0.0,0,0,0.0,0,0,0.0,0,0,0.0,0,0,0.0,0,0,0.0,0
task_e4ec4f42,normal,6,1,0.0,0,0,0.0,0,2,1.37878,0,0,0.0,0,4,10.05115,5,0,0.0,0,6,9.70166,0,0,0.0,0,7,3.904714,0,0,0.0,0,8,1.0,0,0,0.0,0,0,0.0,0,0,0.0,0,0,0.0,0,0,0.0,0,0,0.0,0,0,0.0,0,0,0.0,0,0,0.0,0,0,0.0,0,0,0.0,0,0,0.0,0,0,0.0,0,0,0.0,0,0,0.0,0,0,0.0,0,0,0.0,0,0,0.0,0,0,0.0,0,0,0.0,0,0,0.0,0,0,0.0,0,0,0.0,0,0,0.0,0,0,0.0,0
task_db9e03de,normal,6,1,0.0,0,0,0.0,0,2,2.128605,0,0,0.0,0,4,13.691766,5,0,0.0,0,6,5.774034,0,0,0.0,0,7,4.343354,0,0,0.0,0,8,1.0,0,0,0.0,0,0,0.0,0,0,0.0,0,0,0.0,0,0,0.0,0,0,0.0,0,0,0.0,0,0,0.0,0,0,0.0,0,0,0.0,0,0,0.0,0,0,0.0,0,0,0.0,0,0,0.0,0,0,0.0,0,0,0.0,0,0,0.0,0,0,0.0,0,0,0.0,0,0,0.0,0,0,0.0,0,0,0.0,0,0,0.0,0,0,0.0,0,0,0.0,0
task_20d41abb,normal,6,1,0.0,0,0,0.0,0,2,4.860703,0,0,0.0,0,4,14.585886,2,0,0.0,0,6,5.578384,0,0,0.0,0,7,2.958623,0,0,0.0,0,8,1.0,0,0,0.0,0,0,0.0,0,0,0.0,0,0,0.0,0,0,0.0,0,0,0.0,0,0,0.0,0,0,0.0,0,0,0.0,0,0,0.0,0,0,0.0,0,0,0.0,0,0,0.0,0,0,0.0,0,0,0.0,0,0,0.0,0,0,0.0,0,0,0.0,0,0,0.0,0,0,0.0,0,0,0.0,0,0,0.0,0,0,0.0,0,0,0.0,0,0,0.0,0
task_c1396675,normal,6,1,0.0,0,0,0.0,0,2,2.246088,0,0,0.0,0,4,18.84126,2,0,0.0,0,6,6.451352,0,0,0.0,0,7,2.59533,0,0,0.0,0,8,1.0,0,0,0.0,0,0,0.0,0,0,0.0,0,0,0.0,0,0,0.0,0,0,0.0,0,0,0.0,0,0,0.0,0,0,0.0,0,0,0.0,0,0,0.0,0,0,0.0,0,0,0.0,0,0,0.0,0,0,0.0,0,0,0.0,0,0,0.0,0,0,0.0,0,0,0.0,0,0,0.0,0,0,0.0,0,0,0.0,0,0,0.0,0,0,0.0,0,0,0.0,0
task_90122ea4,normal,6,1,0.0,0,0,0.0,0,2,4.184295,0,0,0.0,0,4,12.793455,4,0,0.0,0,6,9.227979,0,0,0.0,0,7,4.131254,0,0,0.0,0,8,1.0,0,0,0.0,0,0,0.0,0,0,0.0,0,0,0.0,0,0,0.0,0,0,0.0,0,0,0.0,0,0,0.0,0,0,0.0,0,0,0.0,0,0,0.0,0,0,0.0,0,0,0.0,0,0,0.0,0,0,0.0,0,0,0.0,0,0,0.0,0,0,0.0,0,0,0.0,0,0,0.0,0,0,0.0,0,0,0.0,0,0,0.0,0,0,0.0,0,0,0.0,0
task_dab68b20,normal,6,1,0.0,0,0,0.0,0,2,2.845038,0,0,0.0,0,4,15.066618,3,0,0.0,0,6,8.914538,0,0,0.0,0,7,2.500332,0,0,0.0,0,8,1.0,0,0,0.0,0,0,0.0,0,0,0.0,0,0,0.0,0,0,0.0,0,0,0.0,0,0,0.0,0,0,0.0,0,0,0.0,0,0,0.0,0,0,0.0,0,0,0.0,0,0,0.0,0,0,0.0,0,0,0.0,0,0,0.0,0,0,0.0,0,0,0.0,0,0,0.0,0,0,0.0,0,0,0.0,0,0,0.0,0,0,0.0,0,0,0.0,0,0,0.0,0
task_932bfd44,normal,6,1,0.0,0,0,0.0,0,2,3.513779,0,0,0.0,0,4,18.739059,4,0,0.0,0,6,6.044926,0,0,0.0,0,7,2.372267,0,0,0.0,0,8,1.0,0,0,0.0,0,0,0.0,0,0,0.0,0,0,0.0,0,0,0.0,0,0,0.0,0,0,0.0,0,0,0.0,0,0,0.0,0,0,0.0,0,0,0.0,0,0,0.0,0,0,0.0,0,0,0.0,0,0,0.0,0,0,0.0,0,0,0.0,0,0,0.0,0,0,0.0,0,0,0.0,0,0,0.0,0,0,0.0,0,0,0.0,0,0,0.0,0,0,0.0,0
task_90fc7215,normal,6,1,0.0,0,0,0.0,0,2,1.655844,0,0,0.0,0,4,14.37716,3,0,0.0,0,6,7.031917,0,0,0.0,0,7,3.857506,0,0,0.0,0,8,1.0,0,0,0.0,0,0,0.0,0,0,0.0,0,0,0.0,0,0,0.0,0,0,0.0,0,0,0.0,0,0,0.0,0,0,0.0,0,0,0.0,0,0,0.0,0,0,0.0,0,0,0.0,0,0,0.0,0,0,0.0,0,0,0.0,0,0,0.0,0,0,0.0,0,0,0.0,0,0,0.0,0,0,0.0,0,0,0.0,0,0,0.0,0,0,0.0,0,0,0.0,0
task_467cc5f2,normal,6,1,0.0,0,0,0.0,0,2,3.17156,0,0,0.0,0,4,12.776073,4,0,0.0,0,6,6.986632,0,0,0.0,0,7,2.140828,0,0,0.0,0,8,1.0,0,0,0.0,0,0,0.0,0,0,0.0,0,0,0.0,0,0,0.0,0,0,0.0,0,0,0.0,0,0,0.0,0,0,0.0,0,0,0.0,0,0,0.0,0,0,0.0,0,0,0.0,0,0,0.0,0,0,0.0,0,0,0.0,0,0,0.0,0,0,0.0,0,0,0.0,0,0,0.0,0,0,0.0,0,0,0.0,0,0,0.0,0,0,0.0,0,0,0.0,0
task_c7cfcf60,malicious,18,1,0.0,0,0,0.0,0,3,1.022913,0,0,0.0,0,4,1.214082,1000,0,0.0,0,4,2.951153,1000,0,0.0,0,4,3.254983,1000,0,0.0,0,4,4.593687,1000,0,0.0,0,5,3.662949,0,1,0.4116,0,4,1.95549,1000,0,0.0,0,4,2.583001,1000,0,0.0,0,4,2.220891,1000,0,0.0,0,5,3.065461,0,1,0.5457,0,4,3.511389,1000,0,0.0,0,4,3.465032,1000,0,0.0,0,4,2.896228,1000,0,0.0,0,5,2.274707,0,1,0.7024,0,7,4.050258,0,0,0.0,1,7,0.5,0,0,0.0,0,8,1.0,0,0,0.0,0
task_8aec732a,normal,6,1,0.0,0,0,0.0,0,2,2.70981,0,0,0.0,0,4,18.173406,4,0,0.0,0,6,6.431422,0,0,0.0,0,7,4.488376,0,0,0.0,0,8,1.0,0,0,0.0,0,0,0.0,0,0,0.0,0,0,0.0,0,0,0.0,0,0,0.0,0,0,0.0,0,0,0.0,0,0,0.0,0,0,0.0,0,0,0.0,0,0,0.0,0,0,0.0,0,0,0.0,0,0,0.0,0,0,0.0,0,0,0.0,0,0,0.0,0,0,0.0,0,0,0.0,0,0,0.0,0,0,0.0,0,0,0.0,0,0,0.0,0,0,0.0,0
task_3f4e7395,normal,6,1,0.0,0,0,0.0,0,2,1.948548,0,0,0.0,0,4,18.624877,5,0,0.0,0,6,9.092332,0,0,0.0,0,7,3.56817,0,0,0.0,0,8,1.0,0,0,0.0,0,0,0.0,0,0,0.0,0,0,0.0,0,0,0.0,0,0,0.0,0,0,0.0,0,0,0.0,0,0,0.0,0,0,0.0,0,0,0.0,0,0,0.0,0,0,0.0,0,0,0.0,0,0,0.0,0,0,0.0,0,0,0.0,0,0,0.0,0,0,0.0,0,0,0.0,0,0,0.0,0,0,0.0,0,0,0.0,0,0,0.0,0,0,0.0,0
task_c4dc6f4b,malicious,18,1,0.0,0,0,0.0,0,3,2.258127,0,0,0.0,0,4,1.954169,1000,0,0.0,0,4,2.968493,1000,0,0.0,0,4,2.113142,1000,0,0.0,0,4,3.040558,1000,0,0.0,0,5,4.082603,0,1,0.4936,0,4,2.223378,1000,0,0.0,0,4,4.127738,1000,0,0.0,0,4,2.853544,1000,0,0.0,0,5,2.280583,0,1,0.6503,0,4,3.066578,1000,0,0.0,0,4,2.761582,1000,0,0.0,0,4,3.826475,1000,0,0.0,0,5,3.267928,0,1,0.7773,0,7,6.77388,0,0,0.0,1,7,0.5,0,0,0.0,0,8,1.0,0,0,0.0,0
task_ccdcab5c,normal,6,1,0.0,0,0,0.0,0,2,3.472982,0,0,0.0,0,4,13.578091,5,0,0.0,0,6,8.124638,0,0,0.0,0,7,2.736811,0,0,0.0,0,8,1.0,0,0,0.0,0,0,0.0,0,0,0.0,0,0,0.0,0,0,0.0,0,0,0.0,0,0,0.0,0,0,0.0,0,0,0.0,0,0,0.0,0,0,0.0,0,0,0.0,0,0,0.0,0,0,0.0,0,0,0.0,0,0,0.0,0,0,0.0,0,0,0.0,0,0,0.0,0,0,0.0,0,0,0.0,0,0,0.0,0,0,0.0,0,0,0.0,0,0,0.0,0
task_c30fc2f7,normal,6,1,0.0,0,0,0.0,0,2,1.346709,0,0,0.0,0,4,16.341879,1,0,0.0,0,6,9.480555,0,0,0.0,0,7,2.963987,0,0,0.0,0,8,1.0,0,0,0.0,0,0,0.0,0,0,0.0,0,0,0.0,0,0,0.0,0,0,0.0,0,0,0.0,0,0,0.0,0,0,0.0,0,0,0.0,0,0,0.0,0,0,0.0,0,0,0.0,0,0,0.0,0,0,0.0,0,0,0.0,0,0,0.0,0,0,0.0,0,0,0.0,0,0,0.0,0,0,0.0,0,0,0.0,0,0,0.0,0,0,0.0,0,0,0.0,0
task_4b3c38e1,normal,6,1,0.0,0,0,0.0,0,2,2.804907,0,0,0.0,0,4,14.428905,1,0,0.0,0,6,6.948796,0,0,0.0,0,7,4.495318,0,0,0.0,0,8,1.0,0,0,0.0,0,0,0.0,0,0,0.0,0,0,0.0,0,0,0.0,0,0,0.0,0,0,0.0,0,0,0.0,0,0,0.0,0,0,0.0,0,0,0.0,0,0,0.0,0,0,0.0,0,0,0.0,0,0,0.0,0,0,0.0,0,0,0.0,0,0,0.0,0,0,0.0,0,0,0.0,0,0,0.0,0,0,0.0,0,0,0.0,0,0,0.0,0,0,0.0,0
task_cf5512c3,normal,6,1,0.0,0,0,0.0,0,2,4.68797,0,0,0.0,0,4,11.547015,1,0,0.0,0,6,7.592139,0,0,0.0,0,7,3.085162,0,0,0.0,0,8,1.0,0,0,0.0,0,0,0.0,0,0,0.0,0,0,0.0,0,0,0.0,0,0,0.0,0,0,0.0,0,0,0.0,0,0,0.0,0,0,0.0,0,0,0.0,0,0,0.0,0,0,0.0,0,0,0.0,0,0,0.0,0,0,0.0,0,0,0.0,0,0,0.0,0,0,0.0,0,0,0.0,0,0,0.0,0,0,0.0,0,0,0.0,0,0,0.0,0,0,0.0,0
task_b124c4eb,normal,6,1,0.0,0,0,0.0,0,2,1.462176,0,0,0.0,0,4,17.862024,2,0,0.0,0,6,5.991569,0,0,0.0,0,7,3.994552,0,0,0.0,0,8,1.0,0,0,0.0,0,0,0.0,0,0,0.0,0,0,0.0,0,0,0.0,0,0,0.0,0,0,0.0,0,0,0.0,0,0,0.0,0,0,0.0,0,0,0.0,0,0,0.0,0,0,0.0,0,0,0.0,0,0,0.0,0,0,0.0,0,0,0.0,0,0,0.0,0,0,0.0,0,0,0.0,0,0,0.0,0,0,0.0,0,0,0.0,0,0,0.0,0,0,0.0,0
task_e9a4f203,normal,6,1,0.0,0,0,0.0,0,2,1.415925,0,0,0.0,0,4,13.395309,5,0,0.0,0,6,8.020295,0,0,0.0,0,7,4.286818,0,0,0.0,0,8,1.0,0,0,0.0,0,0,0.0,0,0,0.0,0,0,0.0,0,0,0.0,0,0,0.0,0,0,0.0,0,0,0.0,0,0,0.0,0,0,0.0,0,0,0.0,0,0,0.0,0,0,0.0,0,0,0.0,0,0,0.0,0,0,0.0,0,0,0.0,0,0,0.0,0,0,0.0,0,0,0.0,0,0,0.0,0,0,0.0,0,0,0.0,0,0,0.0,0,0,0.0,0
task_15bdee4f,normal,6,1,0.0,0,0,0.0,0,2,2.519029,0,0,0.0,0,4,17.02342,1,0,0.0,0,6,6.373767,0,0,0.0,0,7,2.549678,0,0,0.0,0,8,1.0,0,0,0.0,0,0,0.0,0,0,0.0,0,0,0.0,0,0,0.0,0,0,0.0,0,0,0.0,0,0,0.0,0,0,0.0,0,0,0.0,0,0,0.0,0,0,0.0,0,0,0.0,0,0,0.0,0,0,0.0,0,0,0.0,0,0,0.0,0,0,0.0,0,0,0.0,0,0,0.0,0,0,0.0,0,0,0.0,0,0,0.0,0,0,0.0,0,0,0.0,0
task_98eac3d7,normal,6,1,0.0,0,0,0.0,0,2,1.416973,0,0,0.0,0,4,10.696576,1,0,0.0,0,6,6.502049,0,0,0.0,0,7,4.80055,0,0,0.0,0,8,1.0,0,0,0.0,0,0,0.0,0,0,0.0,0,0,0.0,0,0,0.0,0,0,0.0,0,0,0.0,0,0,0.0,0,0,0.0,0,0,0.0,0,0,0.0,0,0,0.0,0,0,0.0,0,0,0.0,0,0,0.0,0,0,0.0,0,0,0.0,0,0,0.0,0,0,0.0,0,0,0.0,0,0,0.0,0,0,0.0,0,0,0.0,0,0,0.0,0,0,0.0,0
task_a5210d05,malicious,18,1,0.0,0,0,0.0,0,3,2.457137,0,0,0.0,0,4,1.758218,1000,0,0.0,0,4,4.009739,1000,0,0.0,0,4,3.294203,1000,0,0.0,0,4,2.324424,1000,0,0.0,0,5,4.095287,0,1,0.479,0,4,2.295016,1000,0,0.0,0,4,3.943898,1000,0,0.0,0,4,4.396598,1000,0,0.0,0,5,2.710575,0,1,0.5842,0,4,4.375625,1000,0,0.0,0,4,4.027129,1000,0,0.0,0,4,3.474293,1000,0,0.0,0,5,3.715281,0,1,0.6945,0,7,4.318338,0,0,0.0,1,7,0.5,0,0,0.0,0,8,1.0,0,0,0.0,0
task_db413ef5,normal,6,1,0.0,0,0,0.0,0,2,1.309942,0,0,0.0,0,4,13.353614,1,0,0.0,0,6,9.208754,0,0,0.0,0,7,4.720956,0,0,0.0,0,8,1.0,0,0,0.0,0,0,0.0,0,0,0.0,0,0,0.0,0,0,0.0,0,0,0.0,0,0,0.0,0,0,0.0,0,0,0.0,0,0,0.0,0,0,0.0,0,0,0.0,0,0,0.0,0,0,0.0,0,0,0.0,0,0,0.0,0,0,0.0,0,0,0.0,0,0,0.0,0,0,0.0,0,0,0.0,0,0,0.0,0,0,0.0,0,0,0.0,0,0,0.0,0
task_68dc85e3,normal,6,1,0.0,0,0,0.0,0,2,3.632184,0,0,0.0,0,4,11.611692,5,0,0.0,0,6,5.006658,0,0,0.0,0,7,3.975737,0,0,0.0,0,8,1.0,0,0,0.0,0,0,0.0,0,0,0.0,0,0,0.0,0,0,0.0,0,0,0.0,0,0,0.0,0,0,0.0,0,0,0.0,0,0,0.0,0,0,0.0,0,0,0.0,0,0,0.0,0,0,0.0,0,0,0.0,0,0,0.0,0,0,0.0,0,0,0.0,0,0,0.0,0,0,0.0,0,0,0.0,0,0,0.0,0,0,0.0,0,0,0.0,0,0,0.0,0
task_4c5b659d,normal,6,1,0.0,0,0,0.0,0,2,1.449203,0,0,0.0,0,4,10.007321,1,0,0.0,0,6,7.785509,0,0,0.0,0,7,3.333532,0,0,0.0,0,8,1.0,0,0,0.0,0,0,0.0,0,0,0.0,0,0,0.0,0,0,0.0,0,0,0.0,0,0,0.0,0,0,0.0,0,0,0.0,0,0,0.0,0,0,0.0,0,0,0.0,0,0,0.0,0,0,0.0,0,0,0.0,0,0,0.0,0,0,0.0,0,0,0.0,0,0,0.0,0,0,0.0,0,0,0.0,0,0,0.0,0,0,0.0,0,0,0.0,0,0,0.0,0
task_fb59ecc0,normal,6,1,0.0,0,0,0.0,0,2,2.134969,0,0,0.0,0,4,14.533268,1,0,0.0,0,6,7.10198,0,0,0.0,0,7,3.876457,0,0,0.0,0,8,1.0,0,0,0.0,0,0,0.0,0,0,0.0,0,0,0.0,0,0,0.0,0,0,0.0,0,0,0.0,0,0,0.0,0,0,0.0,0,0,0.0,0,0,0.0,0,0,0.0,0,0,0.0,0,0,0.0,0,0,0.0,0,0,0.0,0,0,0.0,0,0,0.0,0,0,0.0,0,0,0.0,0,0,0.0,0,0,0.0,0,0,0.0,0,0,0.0,0,0,0.0,0
task_3607d810,normal,6,1,0.0,0,0,0.0,0,2,1.174708,0,0,0.0,0,4,18.81807,4,0,0.0,0,6,6.761078,0,0,0.0,0,7,4.759582,0,0,0.0,0,8,1.0,0,0,0.0,0,0,0.0,0,0,0.0,0,0,0.0,0,0,0.0,0,0,0.0,0,0,0.0,0,0,0.0,0,0,0.0,0,0,0.0,0,0,0.0,0,0,0.0,0,0,0.0,0,0,0.0,0,0,0.0,0,0,0.0,0,0,0.0,0,0,0.0,0,0,0.0,0,0,0.0,0,0,0.0,0,0,0.0,0,0,0.0,0,0,0.0,0,0,0.0,0
task_72c8550f,normal,6,1,0.0,0,0,0.0,0,2,4.622067,0,0,0.0,0,4,11.000844,1,0,0.0,0,6,6.371217,0,0,0.0,0,7,4.000239,0,0,0.0,0,8,1.0,0,0,0.0,0,0,0.0,0,0,0.0,0,0,0.0,0,0,0.0,0,0,0.0,0,0,0.0,0,0,0.0,0,0,0.0,0,0,0.0,0,0,0.0,0,0,0.0,0,0,0.0,0,0,0.0,0,0,0.0,0,0,0.0,0,0,0.0,0,0,0.0,0,0,0.0,0,0,0.0,0,0,0.0,0,0,0.0,0,0,0.0,0,0,0.0,0,0,0.0,0
task_d78b6de7,malicious,18,1,0.0,0,0,0.0,0,3,1.175756,0,0,0.0,0,4,0.559269,1000,0,0.0,0,4,3.691691,1000,0,0.0,0,4,3.748792,1000,0,0.0,0,4,2.771588,1000,0,0.0,0,5,4.939848,0,1,0.4166,0,4,2.330828,1000,0,0.0,0,4,1.657604,1000,0,0.0,0,4,3.36235,1000,0,0.0,0,5,4.977611,0,1,0.5335,0,4,2.372848,1000,0,0.0,0,4,2.4948,1000,0,0.0,0,4,2.999936,1000,0,0.0,0,5,3.362418,0,1,0.6428,0,7,5.390213,0,0,0.0,1,7,0.5,0,0,0.0,0,8,1.0,0,0,0.0,0
task_27befb04,normal,6,1,0.0,0,0,0.0,0,2,2.056262,0,0,0.0,0,4,14.825768,5,0,0.0,0,6,7.151712,0,0,0.0,0,7,3.439644,0,0,0.0,0,8,1.0,0,0,0.0,0,0,0.0,0,0,0.0,0,0,0.0,0,0,0.0,0,0,0.0,0,0,0.0,0,0,0.0,0,0,0.0,0,0,0.0,0,0,0.0,0,0,0.0,0,0,0.0,0,0,0.0,0,0,0.0,0,0,0.0,0,0,0.0,0,0,0.0,0,0,0.0,0,0,0.0,0,0,0.0,0,0,0.0,0,0,0.0,0,0,0.0,0,0,0.0,0
task_7ce62a54,normal,6,1,0.0,0,0,0.0,0,2,2.449421,0,0,0.0,0,4,14.443737,3,0,0.0,0,6,7.372368,0,0,0.0,0,7,2.593506,0,0,0.0,0,8,1.0,0,0,0.0,0,0,0.0,0,0,0.0,0,0,0.0,0,0,0.0,0,0,0.0,0,0,0.0,0,0,0.0,0,0,0.0,0,0,0.0,0,0,0.0,0,0,0.0,0,0,0.0,0,0,0.0,0,0,0.0,0,0,0.0,0,0,0.0,0,0,0.0,0,0,0.0,0,0,0.0,0,0,0.0,0,0,0.0,0,0,0.0,0,0,0.0,0,0,0.0,0
task_abfc094c,normal,6,1,0.0,0,0,0.0,0,2,2.219029,0,0,0.0,0,4,11.601039,1,0,0.0,0,6,6.119326,0,0,0.0,0,7,4.552425,0,0,0.0,0,8,1.0,0,0,0.0,0,0,0.0,0,0,0.0,0,0,0.0,0,0,0.0,0,0,0.0,0,0,0.0,0,0,0.0,0,0,0.0,0,0,0.0,0,0,0.0,0,0,0.0,0,0,0.0,0,0,0.0,0,0,0.0,0,0,0.0,0,0,0.0,0,0,0.0,0,0,0.0,0,0,0.0,0,0,0.0,0,0,0.0,0,0,0.0,0,0,0.0,0,0,0.0,0
task_b7cb5eca,normal,6,1,0.0,0,0,0.0,0,2,4.99722,0,0,0.0,0,4,10.233696,2,0,0.0,0,6,5.345174,0,0,0.0,0,7,2.616379,0,0,0.0,0,8,1.0,0,0,0.0,0,0,0.0,0,0,0.0,0,0,0.0,0,0,0.0,0,0,0.0,0,0,0.0,0,0,0.0,0,0,0.0,0,0,0.0,0,0,0.0,0,0,0.0,0,0,0.0,0,0,0.0,0,0,0.0,0,0,0.0,0,0,0.0,0,0,0.0,0,0,0.0,0,0,0.0,0,0,0.0,0,0,0.0,0,0,0.0,0,0,0.0,0,0,0.0,0
task_ce1ae530,normal,6,1,0.0,0,0,0.0,0,2,3.683948,0,0,0.0,0,4,19.127847,1,0,0.0,0,6,7.620611,0,0,0.0,0,7,4.479333,0,0,0.0,0,8,1.0,0,0,0.0,0,0,0.0,0,0,0.0,0,0,0.0,0,0,0.0,0,0,0.0,0,0,0.0,0,0,0.0,0,0,0.0,0,0,0.0,0,0,0.0,0,0,0.0,0,0,0.0,0,0,0.0,0,0,0.0,0,0,0.0,0,0,0.0,0,0,0.0,0,0,0.0,0,0,0.0,0,0,0.0,0,0,0.0,0,0,0.0,0,0,0.0,0,0,0.0,0
task_3ceb9a28,normal,6,1,0.0,0,0,0.0,0,2,3.468418,0,0,0.0,0,4,15.656332,4,0,0.0,0,6,8.86086,0,0,0.0,0,7,2.614594,0,0,0.0,0,8,1.0,0,0,0.0,0,0,0.0,0,0,0.0,0,0,0.0,0,0,0.0,0,0,0.0,0,0,0.0,0,0,0.0,0,0,0.0,0,0,0.0,0,0,0.0,0,0,0.0,0,0,0.0,0,0,0.0,0,0,0.0,0,0,0.0,0,0,0.0,0,0,0.0,0,0,0.0,0,0,0.0,0,0,0.0,0,0,0.0,0,0,0.0,0,0,0.0,0,0,0.0,0
task_affe0a33,normal,6,1,0.0,0,0,0.0,0,2,3.690172,0,0,0.0,0,4,11.379415,1,0,0.0,0,6,6.62932,0,0,0.0,0,7,3.28783,0,0,0.0,0,8,1.0,0,0,0.0,0,0,0.0,0,0,0.0,0,0,0.0,0,0,0.0,0,0,0.0,0,0,0.0,0,0,0.0,0,0,0.0,0,0,0.0,0,0,0.0,0,0,0.0,0,0,0.0,0,0,0.0,0,0,0.0,0,0,0.0,0,0,0.0,0,0,0.0,0,0,0.0,0,0,0.0,0,0,0.0,0,0,0.0,0,0,0.0,0,0,0.0,0,0,0.0,0
task_90080fe8,malicious,18,1,0.0,0,0,0.0,0,3,2.035378,0,0,0.0,0,4,0.816113,1000,0,0.0,0,4,4.202233,1000,0,0.0,0,4,4.413516,1000,0,0.0,0,4,1.875992,1000,0,0.0,0,5,2.99539,0,1,0.4322,0,4,4.296886,1000,0,0.0,0,4,4.703701,1000,0,0.0,0,4,2.727991,1000,0,0.0,0,5,3.118418,0,1,0.5893,0,4,3.183122,1000,0,0.0,0,4,2.818415,1000,0,0.0,0,4,2.720349,1000,0,0.0,0,5,4.369135,0,1,0.771,0,7,7.630197,0,0,0.0,1,7,0.5,0,0,0.0,0,8,1.0,0,0,0.0,0
task_674bce1f,normal,6,1,0.0,0,0,0.0,0,2,2.270163,0,0,0.0,0,4,13.462634,2,0,0.0,0,6,7.088621,0,0,0.0,0,7,3.999511,0,0,0.0,0,8,1.0,0,0,0.0,0,0,0.0,0,0,0.0,0,0,0.0,0,0,0.0,0,0,0.0,0,0,0.0,0,0,0.0,0,0,0.0,0,0,0.0,0,0,0.0,0,0,0.0,0,0,0.0,0,0,0.0,0,0,0.0,0,0,0.0,0,0,0.0,0,0,0.0,0,0,0.0,0,0,0.0,0,0,0.0,0,0,0.0,0,0,0.0,0,0,0.0,0,0,0.0,0
task_dad24bf2,malicious,18,1,0.0,0,0,0.0,0,3,2.563883,0,0,0.0,0,4,1.514576,1000,0,0.0,0,4,3.671158,1000,0,0.0,0,4,3.394049,1000,0,0.0,0,4,3.717269,1000,0,0.0,0,5,2.1947,0,1,0.401,0,4,2.220348,1000,0,0.0,0,4,2.591306,1000,0,0.0,0,4,2.873846,1000,0,0.0,0,5,2.661603,0,1,0.5043,0,4,4.345098,1000,0,0.0,0,4,2.393354,1000,0,0.0,0,4,2.771633,1000,0,0.0,0,5,4.458176,0,1,0.6888,0,7,5.067668,0,0,0.0,1,7,0.5,0,0,0.0,0,8,1.0,0,0,0.0,0
task_b74ebcef,normal,6,1,0.0,0,0,0.0,0,2,4.220483,0,0,0.0,0,4,19.858033,2,0,0.0,0,6,6.479103,0,0,0.0,0,7,2.137353,0,0,0.0,0,8,1.0,0,0,0.0,0,0,0.0,0,0,0.0,0,0,0.0,0,0,0.0,0,0,0.0,0,0,0.0,0,0,0.0,0,0,0.0,0,0,0.0,0,0,0.0,0,0,0.0,0,0,0.0,0,0,0.0,0,0,0.0,0,0,0.0,0,0,0.0,0,0,0.0,0,0,0.0,0,0,0.0,0,0,0.0,0,0,0.0,0,0,0.0,0,0,0.0,0,0,0.0,0
task_6f2ce787,normal,6,1,0.0,0,0,0.0,0,2,2.676248,0,0,0.0,0,4,11.661959,5,0,0.0,0,6,9.606313,0,0,0.0,0,7,4.006835,0,0,0.0,0,8,1.0,0,0,0.0,0,0,0.0,0,0,0.0,0,0,0.0,0,0,0.0,0,0,0.0,0,0,0.0,0,0,0.0,0,0,0.0,0,0,0.0,0,0,0.0,0,0,0.0,0,0,0.0,0,0,0.0,0,0,0.0,0,0,0.0,0,0,0.0,0,0,0.0,0,0,0.0,0,0,0.0,0,0,0.0,0,0,0.0,0,0,0.0,0,0,0.0,0,0,0.0,0
task_fdbc8303,malicious,18,1,0.0,0,0,0.0,0,3,1.747094,0,0,0.0,0,4,0.613489,1000,0,0.0,0,4,3.535177,1000,0,0.0,0,4,3.306857,1000,0,0.0,0,4,2.92073,1000,0,0.0,0,5,3.427225,0,1,0.4094,0,4,3.764137,1000,0,0.0,0,4,3.155147,1000,0,0.0,0,4,3.24519,1000,0,0.0,0,5,2.334673,0,1,0.5648,0,4,3.159875,1000,0,0.0,0,4,2.664689,1000,0,0.0,0,4,4.317922,1000,0,0.0,0,5,3.247739,0,1,0.6771,0,7,4.380286,0,0,0.0,1,7,0.5,0,0,0.0,0,8,1.0,0,0,0.0,0
task_774af98d,normal,6,1,0.0,0,0,0.0,0,2,2.552128,0,0,0.0,0,4,10.558876,2,0,0.0,0,6,8.586059,0,0,0.0,0,7,2.72059,0,0,0.0,0,8,1.0,0,0,0.0,0,0,0.0,0,0,0.0,0,0,0.0,0,0,0.0,0,0,0.0,0,0,0.0,0,0,0.0,0,0,0.0,0,0,0.0,0,0,0.0,0,0,0.0,0,0,0.0,0,0,0.0,0,0,0.0,0,0,0.0,0,0,0.0,0,0,0.0,0,0,0.0,0,0,0.0,0,0,0.0,0,0,0.0,0,0,0.0,0,0,0.0,0,0,0.0,0
task_2de3b908,normal,6,1,0.0,0,0,0.0,0,2,2.711903,0,0,0.0,0,4,14.60009,4,0,0.0,0,6,8.869906,0,0,0.0,0,7,4.096231,0,0,0.0,0,8,1.0,0,0,0.0,0,0,0.0,0,0,0.0,0,0,0.0,0,0,0.0,0,0,0.0,0,0,0.0,0,0,0.0,0,0,0.0,0,0,0.0,0,0,0.0,0,0,0.0,0,0,0.0,0,0,0.0,0,0,0.0,0,0,0.0,0,0,0.0,0,0,0.0,0,0,0.0,0,0,0.0,0,0,0.0,0,0,0.0,0,0,0.0,0,0,0.0,0,0,0.0,0
task_4a09dd4b,normal,6,1,0.0,0,0,0.0,0,2,1.528067,0,0,0.0,0,4,12.810441,1,0,0.0,0,6,6.498106,0,0,0.0,0,7,3.754682,0,0,0.0,0,8,1.0,0,0,0.0,0,0,0.0,0,0,0.0,0,0,0.0,0,0,0.0,0,0,0.0,0,0,0.0,0,0,0.0,0,0,0.0,0,0,0.0,0,0,0.0,0,0,0.0,0,0,0.0,0,0,0.0,0,0,0.0,0,0,0.0,0,0,0.0,0,0,0.0,0,0,0.0,0,0,0.0,0,0,0.0,0,0,0.0,0,0,0.0,0,0,0.0,0,0,0.0,0
task_ea242214,malicious,18,1,0.0,0,0,0.0,0,3,2.363876,0,0,0.0,0,4,1.993817,1000,0,0.0,0,4,2.812729,1000,0,0.0,0,4,2.737548,1000,0,0.0,0,4,1.838154,1000,0,0.0,0,5,3.667267,0,1,0.4128,0,4,3.217273,1000,0,0.0,0,4,2.591849,1000,0,0.0,0,4,4.185246,1000,0,0.0,0,5,3.758754,0,1,0.5736,0,4,3.508722,1000,0,0.0,0,4,3.281189,1000,0,0.0,0,4,2.753344,1000,0,0.0,0,5,2.338143,0,1,0.688,0,7,5.981877,0,0,0.0,1,7,0.5,0,0,0.0,0,8,1.0,0,0,0.0,0
task_4a6a8e47,normal,6,1,0.0,0,0,0.0,0,2,2.428212,0,0,0.0,0,4,13.347494,4,0,0.0,0,6,8.148978,0,0,0.0,0,7,4.523641,0,0,0.0,0,8,1.0,0,0,0.0,0,0,0.0,0,0,0.0,0,0,0.0,0,0,0.0,0,0,0.0,0,0,0.0,0,0,0.0,0,0,0.0,0,0,0.0,0,0,0.0,0,0,0.0,0,0,0.0,0,0,0.0,0,0,0.0,0,0,0.0,0,0,0.0,0,0,0.0,0,0,0.0,0,0,0.0,0,0,0.0,0,0,0.0,0,0,0.0,0,0,0.0,0,0,0.0,0
task_ae56329a,normal,6,1,0.0,0,0,0.0,0,2,2.483008,0,0,0.0,0,4,11.173546,1,0,0.0,0,6,6.227601,0,0,0.0,0,7,4.722074,0,0,0.0,0,8,1.0,0,0,0.0,0,0,0.0,0,0,0.0,0,0,0.0,0,0,0.0,0,0,0.0,0,0,0.0,0,0,0.0,0,0,0.0,0,0,0.0,0,0,0.0,0,0,0.0,0,0,0.0,0,0,0.0,0,0,0.0,0,0,0.0,0,0,0.0,0,0,0.0,0,0,0.0,0,0,0.0,0,0,0.0,0,0,0.0,0,0,0.0,0,0,0.0,0,0,0.0,0
task_5290753b,normal,6,1,0.0,0,0,0.0,0,2,2.634741,0,0,0.0,0,4,15.230813,5,0,0.0,0,6,8.939727,0,0,0.0,0,7,3.202938,0,0,0.0,0,8,1.0,0,0,0.0,0,0,0.0,0,0,0.0,0,0,0.0,0,0,0.0,0,0,0.0,0,0,0.0,0,0,0.0,0,0,0.0,0,0,0.0,0,0,0.0,0,0,0.0,0,0,0.0,0,0,0.0,0,0,0.0,0,0,0.0,0,0,0.0,0,0,0.0,0,0,0.0,0,0,0.0,0,0,0.0,0,0,0.0,0,0,0.0,0,0,0.0,0,0,0.0,0
task_3cea5ddb,normal,6,1,0.0,0,0,0.0,0,2,3.010712,0,0,0.0,0,4,11.273647,2,0,0.0,0,6,5.585945,0,0,0.0,0,7,4.845786,0,0,0.0,0,8,1.0,0,0,0.0,0,0,0.0,0,0,0.0,0,0,0.0,0,0,0.0,0,0,0.0,0,0,0.0,0,0,0.0,0,0,0.0,0,0,0.0,0,0,0.0,0,0,0.0,0,0,0.0,0,0,0.0,0,0,0.0,0,0,0.0,0,0,0.0,0,0,0.0,0,0,0.0,0,0,0.0,0,0,0.0,0,0,0.0,0,0,0.0,0,0,0.0,0,0,0.0,0
task_0fdd33c5,normal,6,1,0.0,0,0,0.0,0,2,4.784094,0,0,0.0,0,4,17.851175,3,0,0.0,0,6,6.521433,0,0,0.0,0,7,3.890032,0,0,0.0,0,8,1.0,0,0,0.0,0,0,0.0,0,0,0.0,0,0,0.0,0,0,0.0,0,0,0.0,0,0,0.0,0,0,0.0,0,0,0.0,0,0,0.0,0,0,0.0,0,0,0.0,0,0,0.0,0,0,0.0,0,0,0.0,0,0,0.0,0,0,0.0,0,0,0.0,0,0,0.0,0,0,0.0,0,0,0.0,0,0,0.0,0,0,0.0,0,0,0.0,0,0,0.0,0
task_58b687c7,malicious,18,1,0.0,0,0,0.0,0,3,1.52219,0,0,0.0,0,4,0.534141,1000,0,0.0,0,4,2.307872,1000,0,0.0,0,4,2.740939,1000,0,0.0,0,4,2.278535,1000,0,0.0,0,5,3.967908,0,1,0.4514,0,4,3.433606,1000,0,0.0,0,4,4.407728,1000,0,0.0,0,4,3.417844,1000,0,0.0,0,5,4.240996,0,1,0.5549,0,4,3.233395,1000,0,0.0,0,4,3.827083,1000,0,0.0,0,4,4.08258,1000,0,0.0,0,5,2.11994,0,1,0.6793,0,7,4.554372,0,0,0.0,1,7,0.5,0,0,0.0,0,8,1.0,0,0,0.0,0
task_b79b6649,normal,6,1,0.0,0,0,0.0,0,2,2.970192,0,0,0.0,0,4,10.804861,3,0,0.0,0,6,8.476638,0,0,0.0,0,7,3.094235,0,0,0.0,0,8,1.0,0,0,0.0,0,0,0.0,0,0,0.0,0,0,0.0,0,0,0.0,0,0,0.0,0,0,0.0,0,0,0.0,0,0,0.0,0,0,0.0,0,0,0.0,0,0,0.0,0,0,0.0,0,0,0.0,0,0,0.0,0,0,0.0,0,0,0.0,0,0,0.0,0,0,0.0,0,0,0.0,0,0,0.0,0,0,0.0,0,0,0.0,0,0,0.0,0,0,0.0,0
task_b0918cd5,normal,6,1,0.0,0,0,0.0,0,2,3.829586,0,0,0.0,0,4,14.04459,1,0,0.0,0,6,7.190048,0,0,0.0,0,7,4.022155,0,0,0.0,0,8,1.0,0,0,0.0,0,0,0.0,0,0,0.0,0,0,0.0,0,0,0.0,0,0,0.0,0,0,0.0,0,0,0.0,0,0,0.0,0,0,0.0,0,0,0.0,0,0,0.0,0,0,0.0,0,0,0.0,0,0,0.0,0,0,0.0,0,0,0.0,0,0,0.0,0,0,0.0,0,0,0.0,0,0,0.0,0,0,0.0,0,0,0.0,0,0,0.0,0,0,0.0,0
task_83552896,normal,6,1,0.0,0,0,0.0,0,2,2.665617,0,0,0.0,0,4,12.02442,2,0,0.0,0,6,9.444112,0,0,0.0,0,7,3.954777,0,0,0.0,0,8,1.0,0,0,0.0,0,0,0.0,0,0,0.0,0,0,0.0,0,0,0.0,0,0,0.0,0,0,0.0,0,0,0.0,0,0,0.0,0,0,0.0,0,0,0.0,0,0,0.0,0,0,0.0,0,0,0.0,0,0,0.0,0,0,0.0,0,0,0.0,0,0,0.0,0,0,0.0,0,0,0.0,0,0,0.0,0,0,0.0,0,0,0.0,0,0,0.0,0,0,0.0,0
task_001b41e4,malicious,18,1,0.0,0,0,0.0,0,3,2.8256,0,0,0.0,0,4,1.445901,1000,0,0.0,0,4,2.589612,1000,0,0.0,0,4,3.919466,1000,0,0.0,0,4,2.318788,1000,0,0.0,0,5,2.187822,0,1,0.458,0,4,2.979222,1000,0,0.0,0,4,2.898673,1000,0,0.0,0,4,2.976407,1000,0,0.0,0,5,3.333558,0,1,0.5947,0,4,2.275562,1000,0,0.0,0,4,2.684781,1000,0,0.0,0,4,3.435366,1000,0,0.0,0,5,3.817858,0,1,0.7008,0,7,4.304295,0,0,0.0,1,7,0.5,0,0,0.0,0,8,1.0,0,0,0.0,0
task_24242c59,normal,6,1,0.0,0,0,0.0,0,2,2.439323,0,0,0.0,0,4,18.517802,1,0,0.0,0,6,7.127137,0,0,0.0,0,7,2.032517,0,0,0.0,0,8,1.0,0,0,0.0,0,0,0.0,0,0,0.0,0,0,0.0,0,0,0.0,0,0,0.0,0,0,0.0,0,0,0.0,0,0,0.0,0,0,0.0,0,0,0.0,0,0,0.0,0,0,0.0,0,0,0.0,0,0,0.0,0,0,0.0,0,0,0.0,0,0,0.0,0,0,0.0,0,0,0.0,0,0,0.0,0,0,0.0,0,0,0.0,0,0,0.0,0,0,0.0,0
task_58c233ce,normal,6,1,0.0,0,0,0.0,0,2,2.368513,0,0,0.0,0,4,13.858654,2,0,0.0,0,6,8.525359,0,0,0.0,0,7,4.240195,0,0,0.0,0,8,1.0,0,0,0.0,0,0,0.0,0,0,0.0,0,0,0.0,0,0,0.0,0,0,0.0,0,0,0.0,0,0,0.0,0,0,0.0,0,0,0.0,0,0,0.0,0,0,0.0,0,0,0.0,0,0,0.0,0,0,0.0,0,0,0.0,0,0,0.0,0,0,0.0,0,0,0.0,0,0,0.0,0,0,0.0,0,0,0.0,0,0,0.0,0,0,0.0,0,0,0.0,0
task_e650a7c1,normal,6,1,0.0,0,0,0.0,0,2,1.735834,0,0,0.0,0,4,17.552369,3,0,0.0,0,6,9.43553,0,0,0.0,0,7,4.041513,0,0,0.0,0,8,1.0,0,0,0.0,0,0,0.0,0,0,0.0,0,0,0.0,0,0,0.0,0,0,0.0,0,0,0.0,0,0,0.0,0,0,0.0,0,0,0.0,0,0,0.0,0,0,0.0,0,0,0.0,0,0,0.0,0,0,0.0,0,0,0.0,0,0,0.0,0,0,0.0,0,0,0.0,0,0,0.0,0,0,0.0,0,0,0.0,0,0,0.0,0,0,0.0,0,0,0.0,0
task_5c35768d,normal,6,1,0.0,0,0,0.0,0,2,2.784372,0,0,0.0,0,4,17.538651,1,0,0.0,0,6,8.194594,0,0,0.0,0,7,2.873071,0,0,0.0,0,8,1.0,0,0,0.0,0,0,0.0,0,0,0.0,0,0,0.0,0,0,0.0,0,0,0.0,0,0,0.0,0,0,0.0,0,0,0.0,0,0,0.0,0,0,0.0,0,0,0.0,0,0,0.0,0,0,0.0,0,0,0.0,0,0,0.0,0,0,0.0,0,0,0.0,0,0,0.0,0,0,0.0,0,0,0.0,0,0,0.0,0,0,0.0,0,0,0.0,0,0,0.0,0
task_e897c154,malicious,18,1,0.0,0,0,0.0,0,3,1.400209,0,0,0.0,0,4,1.82508,1000,0,0.0,0,4,2.420184,1000,0,0.0,0,4,3.309383,1000,0,0.0,0,4,2.77559,1000,0,0.0,0,5,2.327315,0,1,0.4251,0,4,3.020117,1000,0,0.0,0,4,3.953386,1000,0,0.0,0,4,1.863371,1000,0,0.0,0,5,3.663429,0,1,0.5954,0,4,1.948752,1000,0,0.0,0,4,3.108931,1000,0,0.0,0,4,3.483303,1000,0,0.0,0,5,4.789283,0,1,0.7094,0,7,5.141186,0,0,0.0,1,7,0.5,0,0,0.0,0,8,1.0,0,0,0.0,0
task_e71cb340,normal,6,1,0.0,0,0,0.0,0,2,2.436782,0,0,0.0,0,4,10.230635,1,0,0.0,0,6,5.494165,0,0,0.0,0,7,4.894868,0,0,0.0,0,8,1.0,0,0,0.0,0,0,0.0,0,0,0.0,0,0,0.0,0,0,0.0,0,0,0.0,0,0,0.0,0,0,0.0,0,0,0.0,0,0,0.0,0,0,0.0,0,0,0.0,0,0,0.0,0,0,0.0,0,0,0.0,0,0,0.0,0,0,0.0,0,0,0.0,0,0,0.0,0,0,0.0,0,0,0.0,0,0,0.0,0,0,0.0,0,0,0.0,0,0,0.0,0
task_56596e61,normal,6,1,0.0,0,0,0.0,0,2,4.763954,0,0,0.0,0,4,12.148252,5,0,0.0,0,6,5.459002,0,0,0.0,0,7,2.937154,0,0,0.0,0,8,1.0,0,0,0.0,0,0,0.0,0,0,0.0,0,0,0.0,0,0,0.0,0,0,0.0,0,0,0.0,0,0,0.0,0,0,0.0,0,0,0.0,0,0,0.0,0,0,0.0,0,0,0.0,0,0,0.0,0,0,0.0,0,0,0.0,0,0,0.0,0,0,0.0,0,0,0.0,0,0,0.0,0,0,0.0,0,0,0.0,0,0,0.0,0,0,0.0,0,0,0.0,0
task_bfe5a4e2,normal,6,1,0.0,0,0,0.0,0,2,3.560516,0,0,0.0,0,4,13.18706,2,0,0.0,0,6,9.587511,0,0,0.0,0,7,3.712478,0,0,0.0,0,8,1.0,0,0,0.0,0,0,0.0,0,0,0.0,0,0,0.0,0,0,0.0,0,0,0.0,0,0,0.0,0,0,0.0,0,0,0.0,0,0,0.0,0,0,0.0,0,0,0.0,0,0,0.0,0,0,0.0,0,0,0.0,0,0,0.0,0,0,0.0,0,0,0.0,0,0,0.0,0,0,0.0,0,0,0.0,0,0,0.0,0,0,0.0,0,0,0.0,0,0,0.0,0
task_4a8d73bd,normal,6,1,0.0,0,0,0.0,0,2,2.035109,0,0,0.0,0,4,14.982408,3,0,0.0,0,6,7.230734,0,0,0.0,0,7,3.727778,0,0,0.0,0,8,1.0,0,0,0.0,0,0,0.0,0,0,0.0,0,0,0.0,0,0,0.0,0,0,0.0,0,0,0.0,0,0,0.0,0,0,0.0,0,0,0.0,0,0,0.0,0,0,0.0,0,0,0.0,0,0,0.0,0,0,0.0,0,0,0.0,0,0,0.0,0,0,0.0,0,0,0.0,0,0,0.0,0,0,0.0,0,0,0.0,0,0,0.0,0,0,0.0,0,0,0.0,0
task_c7641c73,normal,6,1,0.0,0,0,0.0,0,2,2.710568,0,0,0.0,0,4,19.760805,1,0,0.0,0,6,5.401024,0,0,0.0,0,7,2.219363,0,0,0.0,0,8,1.0,0,0,0.0,0,0,0.0,0,0,0.0,0,0,0.0,0,0,0.0,0,0,0.0,0,0,0.0,0,0,0.0,0,0,0.0,0,0,0.0,0,0,0.0,0,0,0.0,0,0,0.0,0,0,0.0,0,0,0.0,0,0,0.0,0,0,0.0,0,0,0.0,0,0,0.0,0,0,0.0,0,0,0.0,0,0,0.0,0,0,0.0,0,0,0.0,0,0,0.0,0
task_57e6c7a5,malicious,18,1,0.0,0,0,0.0,0,3,2.665044,0,0,0.0,0,4,1.869243,1000,0,0.0,0,4,3.616185,1000,0,0.0,0,4,3.478304,1000,0,0.0,0,4,4.04242,1000,0,0.0,0,5,3.377401,0,1,0.4277,0,4,2.849432,1000,0,0.0,0,4,3.06057,1000,0,0.0,0,4,2.280675,1000,0,0.0,0,5,4.703347,0,1,0.6178,0,4,2.835257,1000,0,0.0,0,4,3.968554,1000,0,0.0,0,4,4.095074,1000,0,0.0,0,5,2.07022,0,1,0.7374,0,7,4.347498,0,0,0.0,1,7,0.5,0,0,0.0,0,8,1.0,0,0,0.0,0
task_0db1be2b,normal,6,1,0.0,0,0,0.0,0,2,4.64195,0,0,0.0,0,4,10.216414,4,0,0.0,0,6,7.892964,0,0,0.0,0,7,3.189722,0,0,0.0,0,8,1.0,0,0,0.0,0,0,0.0,0,0,0.0,0,0,0.0,0,0,0.0,0,0,0.0,0,0,0.0,0,0,0.0,0,0,0.0,0,0,0.0,0,0,0.0,0,0,0.0,0,0,0.0,0,0,0.0,0,0,0.0,0,0,0.0,0,0,0.0,0,0,0.0,0,0,0.0,0,0,0.0,0,0,0.0,0,0,0.0,0,0,0.0,0,0,0.0,0,0,0.0,0
task_9e3d6532,normal,6,1,0.0,0,0,0.0,0,2,2.619406,0,0,0.0,0,4,17.274569,4,0,0.0,0,6,6.06373,0,0,0.0,0,7,4.595719,0,0,0.0,0,8,1.0,0,0,0.0,0,0,0.0,0,0,0.0,0,0,0.0,0,0,0.0,0,0,0.0,0,0,0.0,0,0,0.0,0,0,0.0,0,0,0.0,0,0,0.0,0,0,0.0,0,0,0.0,0,0,0.0,0,0,0.0,0,0,0.0,0,0,0.0,0,0,0.0,0,0,0.0,0,0,0.0,0,0,0.0,0,0,0.0,0,0,0.0,0,0,0.0,0,0,0.0,0
task_a12b483c,normal,6,1,0.0,0,0,0.0,0,2,2.418913,0,0,0.0,0,4,14.897521,2,0,0.0,0,6,7.65342,0,0,0.0,0,7,4.167324,0,0,0.0,0,8,1.0,0,0,0.0,0,0,0.0,0,0,0.0,0,0,0.0,0,0,0.0,0,0,0.0,0,0,0.0,0,0,0.0,0,0,0.0,0,0,0.0,0,0,0.0,0,0,0.0,0,0,0.0,0,0,0.0,0,0,0.0,0,0,0.0,0,0,0.0,0,0,0.0,0,0,0.0,0,0,0.0,0,0,0.0,0,0,0.0,0,0,0.0,0,0,0.0,0,0,0.0,0
task_a8c874b1,normal,6,1,0.0,0,0,0.0,0,2,1.645473,0,0,0.0,0,4,10.237841,1,0,0.0,0,6,6.184947,0,0,0.0,0,7,3.787053,0,0,0.0,0,8,1.0,0,0,0.0,0,0,0.0,0,0,0.0,0,0,0.0,0,0,0.0,0,0,0.0,0,0,0.0,0,0,0.0,0,0,0.0,0,0,0.0,0,0,0.0,0,0,0.0,0,0,0.0,0,0,0.0,0,0,0.0,0,0,0.0,0,0,0.0,0,0,0.0,0,0,0.0,0,0,0.0,0,0,0.0,0,0,0.0,0,0,0.0,0,0,0.0,0,0,0.0,0
task_e5a1f9b1,normal,6,1,0.0,0,0,0.0,0,2,3.834514,0,0,0.0,0,4,19.026374,3,0,0.0,0,6,5.480554,0,0,0.0,0,7,4.765088,0,0,0.0,0,8,1.0,0,0,0.0,0,0,0.0,0,0,0.0,0,0,0.0,0,0,0.0,0,0,0.0,0,0,0.0,0,0,0.0,0,0,0.0,0,0,0.0,0,0,0.0,0,0,0.0,0,0,0.0,0,0,0.0,0,0,0.0,0,0,0.0,0,0,0.0,0,0,0.0,0,0,0.0,0,0,0.0,0,0,0.0,0,0,0.0,0,0,0.0,0,0,0.0,0,0,0.0,0
task_0d26b828,normal,6,1,0.0,0,0,0.0,0,2,3.271078,0,0,0.0,0,4,15.041451,4,0,0.0,0,6,8.282003,0,0,0.0,0,7,3.852045,0,0,0.0,0,8,1.0,0,0,0.0,0,0,0.0,0,0,0.0,0,0,0.0,0,0,0.0,0,0,0.0,0,0,0.0,0,0,0.0,0,0,0.0,0,0,0.0,0,0,0.0,0,0,0.0,0,0,0.0,0,0,0.0,0,0,0.0,0,0,0.0,0,0,0.0,0,0,0.0,0,0,0.0,0,0,0.0,0,0,0.0,0,0,0.0,0,0,0.0,0,0,0.0,0,0,0.0,0
task_ee9a0775,normal,6,1,0.0,0,0,0.0,0,2,2.939671,0,0,0.0,0,4,12.741028,3,0,0.0,0,6,7.760757,0,0,0.0,0,7,2.331655,0,0,0.0,0,8,1.0,0,0,0.0,0,0,0.0,0,0,0.0,0,0,0.0,0,0,0.0,0,0,0.0,0,0,0.0,0,0,0.0,0,0,0.0,0,0,0.0,0,0,0.0,0,0,0.0,0,0,0.0,0,0,0.0,0,0,0.0,0,0,0.0,0,0,0.0,0,0,0.0,0,0,0.0,0,0,0.0,0,0,0.0,0,0,0.0,0,0,0.0,0,0,0.0,0,0,0.0,0
task_16930ed7,normal,6,1,0.0,0,0,0.0,0,2,3.565054,0,0,0.0,0,4,17.755981,5,0,0.0,0,6,5.148844,0,0,0.0,0,7,3.738279,0,0,0.0,0,8,1.0,0,0,0.0,0,0,0.0,0,0,0.0,0,0,0.0,0,0,0.0,0,0,0.0,0,0,0.0,0,0,0.0,0,0,0.0,0,0,0.0,0,0,0.0,0,0,0.0,0,0,0.0,0,0,0.0,0,0,0.0,0,0,0.0,0,0,0.0,0,0,0.0,0,0,0.0,0,0,0.0,0,0,0.0,0,0,0.0,0,0,0.0,0,0,0.0,0,0,0.0,0
