job_id,label,Step1_Action,Step1_DeltaTime,Step1_Lat,Step1_Lon,Step1_Value,Step2_Action,Step2_DeltaTime,Step2_Lat,Step2_Lon,Step2_Value,Step3_Action,Step3_DeltaTime,Step3_Lat,Step3_Lon,Step3_Value,Step4_Action,Step4_DeltaTime,Step4_Lat,Step4_Lon,Step4_Value,Step5_Action,Step5_DeltaTime,Step5_Lat,Step5_Lon,Step5_Value,Step6_Action,Step6_DeltaTime,Step6_Lat,Step6_Lon,Step6_Value,Step7_Action,Step7_DeltaTime,Step7_Lat,Step7_Lon,Step7_Value,Step8_Action,Step8_DeltaTime,Step8_Lat,Step8_Lon,Step8_Value,Step9_Action,Step9_DeltaTime,Step9_Lat,Step9_Lon,Step9_Value,Step10_Action,Step10_DeltaTime,Step10_Lat,Step10_Lon,Step10_Value
job-e75a0346,0,1,0.0,0.0,0.0,0,2,0.5,-7.906289667364339,163.11232087165143,0,3,1.0,0.0,0.0,0,5,0.694923,0.0,0.0,1.408,6,0.2,0.0,0.0,78,0,0.0,0.0,0.0,0,0,0.0,0.0,0.0,0.0,0,0.0,0.0,0.0,0,0,0,0,0,0,0,0,0,0,0
job-a55fa9a4,0,1,0.0,0.0,0.0,0,2,0.5,-5.8600693906777535,160.19669495699887,0,3,1.0,0.0,0.0,0,5,0.599969,0.0,0.0,1.324,6,0.2,0.0,0.0,16,0,0.0,0.0,0.0,0,0,0.0,0.0,0.0,0.0,0,0.0,0.0,0.0,0,0,0,0,0,0,0,0,0,0,0
job-73db5e59,0,1,0.0,0.0,0.0,0,2,0.5,-8.2672821417186,161.12527908758165,0,3,1.0,0.0,0.0,0,5,1.268679,0.0,0.0,1.16,6,0.2,0.0,0.0,275,0,0.0,0.0,0.0,0,0,0.0,0.0,0.0,0.0,0,0.0,0.0,0.0,0,0,0,0,0,0,0,0,0,0,0
job-82b9cb22,0,1,0.0,0.0,0.0,0,2,0.5,32.09063116274728,-39.036432122564634,0,3,1.0,0.0,0.0,0,5,0.960659,0.0,0.0,0.901,6,0.2,0.0,0.0,69,0,0.0,0.0,0.0,0,0,0.0,0.0,0.0,0.0,0,0.0,0.0,0.0,0,0,0,0,0,0,0,0,0,0,0
job-03747914,1,1,0.0,0.0,0.0,0,2,0.5,38.23148204319033,121.75049857640477,0,3,1.0,0.0,0.0,0,4,3.84893,0.0,0.0,10.0,4,2.397173,0.0,0.0,50,4,3.212755,0.0,0.0,100,5,0.5,0.0,0.0,10.958,6,0.5,0.0,0.0,9020,0,0,0,0,0,0,0,0,0,0
job-c341eb56,0,1,0.0,0.0,0.0,0,2,0.5,33.798418099934565,-38.58353065658014,0,3,1.0,0.0,0.0,0,5,1.069172,0.0,0.0,1.178,6,0.2,0.0,0.0,440,0,0.0,0.0,0.0,0,0,0.0,0.0,0.0,0.0,0,0.0,0.0,0.0,0,0,0,0,0,0,0,0,0,0,0
job-ea1a71c2,0,1,0.0,0.0,0.0,0,2,0.5,31.864706260545503,-41.15234070080086,0,3,1.0,0.0,0.0,0,5,0.668883,0.0,0.0,1.297,6,0.2,0.0,0.0,135,0,0.0,0.0,0.0,0,0,0.0,0.0,0.0,0.0,0,0.0,0.0,0.0,0,0,0,0,0,0,0,0,0,0,0
job-e31a391a,0,1,0.0,0.0,0.0,0,2,0.5,-7.156834352993506,162.27167222876864,0,3,1.0,0.0,0.0,0,5,1.345151,0.0,0.0,1.477,6,0.2,0.0,0.0,111,0,0.0,0.0,0.0,0,0,0.0,0.0,0.0,0.0,0,0.0,0.0,0.0,0,0,0,0,0,0,0,0,0,0,0
job-ffa694f3,0,1,0.0,0.0,0.0,0,2,0.5,-9.536057968314408,160.00426721749645,0,3,1.0,0.0,0.0,0,5,1.041062,0.0,0.0,1.262,6,0.2,0.0,0.0,16,0,0.0,0.0,0.0,0,0,0.0,0.0,0.0,0.0,0,0.0,0.0,0.0,0,0,0,0,0,0,0,0,0,0,0
job-4f9a8859,0,1,0.0,0.0,0.0,0,2,0.5,-28.656050975668816,70.78803599432392,0,3,1.0,0.0,0.0,0,5,1.493287,0.0,0.0,1.438,6,0.2,0.0,0.0,459,0,0.0,0.0,0.0,0,0,0.0,0.0,0.0,0.0,0,0.0,0.0,0.0,0,0,0,0,0,0,0,0,0,0,0
job-aca18927,0,1,0.0,0.0,0.0,0,2,0.5,34.504950459001364,-39.25977394737355,0,3,1.0,0.0,0.0,0,5,1.462933,0.0,0.0,0.663,6,0.2,0.0,0.0,272,0,0.0,0.0,0.0,0,0,0.0,0.0,0.0,0.0,0,0.0,0.0,0.0,0,0,0,0,0,0,0,0,0,0,0
job-cd2599ee,1,1,0.0,0.0,0.0,0,2,0.5,38.235647323076236,121.74644958858977,0,3,1.0,0.0,0.0,0,4,2.272192,0.0,0.0,10.0,4,3.432282,0.0,0.0,50,4,3.983021,0.0,0.0,100,5,0.5,0.0,0.0,11.187,6,0.5,0.0,0.0,6696,0,0,0,0,0,0,0,0,0,0
job-f5d8b3da,0,1,0.0,0.0,0.0,0,2,0.5,-31.392703033845653,69.67386622901319,0,3,1.0,0.0,0.0,0,5,0.627858,0.0,0.0,1.027,6,0.2,0.0,0.0,264,0,0.0,0.0,0.0,0,0,0.0,0.0,0.0,0.0,0,0.0,0.0,0.0,0,0,0,0,0,0,0,0,0,0,0
job-40d99005,0,1,0.0,0.0,0.0,0,2,0.5,-6.58986349216819,160.56778330515132,0,3,1.0,0.0,0.0,0,5,1.231302,0.0,0.0,1.241,6,0.2,0.0,0.0,32,0,0.0,0.0,0.0,0,0,0.0,0.0,0.0,0.0,0,0.0,0.0,0.0,0,0,0,0,0,0,0,0,0,0,0
job-c4b829fa,0,1,0.0,0.0,0.0,0,2,0.5,32.185514601239944,-40.007824261574996,0,3,1.0,0.0,0.0,0,5,1.215189,0.0,0.0,0.726,6,0.2,0.0,0.0,252,0,0.0,0.0,0.0,0,0,0.0,0.0,0.0,0.0,0,0.0,0.0,0.0,0,0,0,0,0,0,0,0,0,0,0
job-1df38c93,1,1,0.0,0.0,0.0,0,2,0.5,38.24592086113334,121.73725002741314,0,3,1.0,0.0,0.0,0,4,3.861759,0.0,0.0,10.0,4,2.903605,0.0,0.0,50,4,3.219437,0.0,0.0,100,5,0.5,0.0,0.0,11.484,6,0.5,0.0,0.0,13382,0,0,0,0,0,0,0,0,0,0
job-e28d83c7,0,1,0.0,0.0,0.0,0,2,0.5,-30.279521189749005,70.34176883786077,0,3,1.0,0.0,0.0,0,5,1.425163,0.0,0.0,1.105,6,0.2,0.0,0.0,91,0,0.0,0.0,0.0,0,0,0.0,0.0,0.0,0.0,0,0.0,0.0,0.0,0,0,0,0,0,0,0,0,0,0,0
job-5d28d41d,0,1,0.0,0.0,0.0,0,2,0.5,-8.296160882088428,163.54350525839385,0,3,1.0,0.0,0.0,0,5,1.453688,0.0,0.0,0.654,6,0.2,0.0,0.0,399,0,0.0,0.0,0.0,0,0,0.0,0.0,0.0,0.0,0,0.0,0.0,0.0,0,0,0,0,0,0,0,0,0,0,0
job-4e7110e7,1,1,0.0,0.0,0.0,0,2,0.5,38.233304502639626,121.76035578895959,0,3,1.0,0.0,0.0,0,4,3.501071,0.0,0.0,10.0,4,2.524861,0.0,0.0,50,4,3.218971,0.0,0.0,100,5,0.5,0.0,0.0,10.744,6,0.5,0.0,0.0,5651,0,0,0,0,0,0,0,0,0,0
job-90ddfa5e,0,1,0.0,0.0,0.0,0,2,0.5,-29.410191238414225,71.13079042511683,0,3,1.0,0.0,0.0,0,5,0.657763,0.0,0.0,0.831,6,0.2,0.0,0.0,490,0,0.0,0.0,0.0,0,0,0.0,0.0,0.0,0.0,0,0.0,0.0,0.0,0,0,0,0,0,0,0,0,0,0,0
job-ac64a51c,1,1,0.0,0.0,0.0,0,2,0.5,38.23451855320733,121.72175783241534,0,3,1.0,0.0,0.0,0,4,3.743391,0.0,0.0,10.0,4,3.617383,0.0,0.0,50,4,3.304931,0.0,0.0,100,5,0.5,0.0,0.0,12.165,6,0.5,0.0,0.0,14298,0,0,0,0,0,0,0,0,0,0
job-a5469841,0,1,0.0,0.0,0.0,0,2,0.5,31.817275101737998,-40.62968508831571,0,3,1.0,0.0,0.0,0,5,0.656159,0.0,0.0,1.283,6,0.2,0.0,0.0,268,0,0.0,0.0,0.0,0,0,0.0,0.0,0.0,0.0,0,0.0,0.0,0.0,0,0,0,0,0,0,0,0,0,0,0
job-954fc156,1,1,0.0,0.0,0.0,0,2,0.5,38.24221050844381,121.73126118652257,0,3,1.0,0.0,0.0,0,4,2.815269,0.0,0.0,10.0,4,3.223781,0.0,0.0,50,4,2.299649,0.0,0.0,100,5,0.5,0.0,0.0,9.838,6,0.5,0.0,0.0,12364,0,0,0,0,0,0,0,0,0,0
job-3e25bde7,0,1,0.0,0.0,0.0,0,2,0.5,-6.129252527584546,160.723696642601,0,3,1.0,0.0,0.0,0,5,1.240045,0.0,0.0,1.42,6,0.2,0.0,0.0,43,0,0.0,0.0,0.0,0,0,0.0,0.0,0.0,0.0,0,0.0,0.0,0.0,0,0,0,0,0,0,0,0,0,0,0
job-95e55df1,0,1,0.0,0.0,0.0,0,2,0.5,-8.863679446367104,160.8464538966357,0,3,1.0,0.0,0.0,0,5,0.754114,0.0,0.0,0.975,6,0.2,0.0,0.0,317,0,0.0,0.0,0.0,0,0,0.0,0.0,0.0,0.0,0,0.0,0.0,0.0,0,0,0,0,0,0,0,0,0,0,0
job-e74e2968,0,1,0.0,0.0,0.0,0,2,0.5,34.47760148847213,-39.43584512416483,0,3,1.0,0.0,0.0,0,5,0.729638,0.0,0.0,0.898,6,0.2,0.0,0.0,459,0,0.0,0.0,0.0,0,0,0.0,0.0,0.0,0.0,0,0.0,0.0,0.0,0,0,0,0,0,0,0,0,0,0,0
job-1d043665,0,1,0.0,0.0,0.0,0,2,0.5,-30.594319643595313,67.70620738279571,0,3,1.0,0.0,0.0,0,5,0.858016,0.0,0.0,1.055,6,0.2,0.0,0.0,94,0,0.0,0.0,0.0,0,0,0.0,0.0,0.0,0.0,0,0.0,0.0,0.0,0,0,0,0,0,0,0,0,0,0,0
job-5d70b8d1,0,1,0.0,0.0,0.0,0,2,0.5,-30.98124095374115,70.21677719683665,0,3,1.0,0.0,0.0,0,5,1.254312,0.0,0.0,0.824,6,0.2,0.0,0.0,49,0,0.0,0.0,0.0,0,0,0.0,0.0,0.0,0.0,0,0.0,0.0,0.0,0,0,0,0,0,0,0,0,0,0,0
job-c54d6b43,0,1,0.0,0.0,0.0,0,2,0.5,-32.09835840923442,70.95213355082376,0,3,1.0,0.0,0.0,0,5,0.620979,0.0,0.0,1.441,6,0.2,0.0,0.0,358,0,0.0,0.0,0.0,0,0,0.0,0.0,0.0,0.0,0,0.0,0.0,0.0,0,0,0,0,0,0,0,0,0,0,0
job-8f1a0666,0,1,0.0,0.0,0.0,0,2,0.5,-7.861158328520954,162.12077198912863,0,3,1.0,0.0,0.0,0,5,0.734743,0.0,0.0,0.715,6,0.2,0.0,0.0,75,0,0.0,0.0,0.0,0,0,0.0,0.0,0.0,0.0,0,0.0,0.0,0.0,0,0,0,0,0,0,0,0,0,0,0
job-df192593,0,1,0.0,0.0,0.0,0,2,0.5,-7.636522940418767,163.1343223475625,0,3,1.0,0.0,0.0,0,5,0.77336,0.0,0.0,1.153,6,0.2,0.0,0.0,21,0,0.0,0.0,0.0,0,0,0.0,0.0,0.0,0.0,0,0.0,0.0,0.0,0,0,0,0,0,0,0,0,0,0,0
job-c42a75b0,0,1,0.0,0.0,0.0,0,2,0.5,-7.497745663059023,160.1289490194992,0,3,1.0,0.0,0.0,0,5,0.668137,0.0,0.0,0.994,6,0.2,0.0,0.0,471,0,0.0,0.0,0.0,0,0,0.0,0.0,0.0,0.0,0,0.0,0.0,0.0,0,0,0,0,0,0,0,0,0,0,0
job-ccff05b8,0,1,0.0,0.0,0.0,0,2,0.5,33.45752114508094,-41.30048142512747,0,3,1.0,0.0,0.0,0,5,0.809542,0.0,0.0,1.402,6,0.2,0.0,0.0,75,0,0.0,0.0,0.0,0,0,0.0,0.0,0.0,0.0,0,0.0,0.0,0.0,0,0,0,0,0,0,0,0,0,0,0
job-f0c53f43,0,1,0.0,0.0,0.0,0,2,0.5,-6.529666890595372,160.14239176507402,0,3,1.0,0.0,0.0,0,5,1.453264,0.0,0.0,0.749,6,0.2,0.0,0.0,83,0,0.0,0.0,0.0,0,0,0.0,0.0,0.0,0.0,0,0.0,0.0,0.0,0,0,0,0,0,0,0,0,0,0,0
job-a9c43b68,0,1,0.0,0.0,0.0,0,2,0.5,35.72135339430897,-41.501830504768336,0,3,1.0,0.0,0.0,0,5,1.330328,0.0,0.0,0.947,6,0.2,0.0,0.0,275,0,0.0,0.0,0.0,0,0,0.0,0.0,0.0,0.0,0,0.0,0.0,0.0,0,0,0,0,0,0,0,0,0,0,0
job-ccb77cf2,0,1,0.0,0.0,0.0,0,2,0.5,-32.33540591260375,70.69127254259277,0,3,1.0,0.0,0.0,0,5,0.614462,0.0,0.0,1.421,6,0.2,0.0,0.0,440,0,0.0,0.0,0.0,0,0,0.0,0.0,0.0,0.0,0,0.0,0.0,0.0,0,0,0,0,0,0,0,0,0,0,0
job-6f969e96,0,1,0.0,0.0,0.0,0,2,0.5,-10.31222758626919,160.83214647441423,0,3,1.0,0.0,0.0,0,5,0.961776,0.0,0.0,1.114,6,0.2,0.0,0.0,421,0,0.0,0.0,0.0,0,0,0.0,0.0,0.0,0.0,0,0.0,0.0,0.0,0,0,0,0,0,0,0,0,0,0,0
job-76c94512,0,1,0.0,0.0,0.0,0,2,0.5,-8.825438921185079,162.55711233854518,0,3,1.0,0.0,0.0,0,5,0.853416,0.0,0.0,1.019,6,0.2,0.0,0.0,285,0,0.0,0.0,0.0,0,0,0.0,0.0,0.0,0.0,0,0.0,0.0,0.0,0,0,0,0,0,0,0,0,0,0,0
job-7b71c930,1,1,0.0,0.0,0.0,0,2,0.5,38.22341099319388,121.75966851537392,0,3,1.0,0.0,0.0,0,4,3.375186,0.0,0.0,10.0,4,2.359824,0.0,0.0,50,4,2.844339,0.0,0.0,100,5,0.5,0.0,0.0,10.079,6,0.5,0.0,0.0,19264,0,0,0,0,0,0,0,0,0,0
job-0541c701,1,1,0.0,0.0,0.0,0,2,0.5,38.227891307660826,121.71577818569955,0,3,1.0,0.0,0.0,0,4,2.482906,0.0,0.0,10.0,4,2.383566,0.0,0.0,50,4,2.933818,0.0,0.0,100,5,0.5,0.0,0.0,9.3,6,0.5,0.0,0.0,17406,0,0,0,0,0,0,0,0,0,0
job-fd663e61,0,1,0.0,0.0,0.0,0,2,0.5,-6.9110978411992265,162.82917393971897,0,3,1.0,0.0,0.0,0,5,0.628163,0.0,0.0,0.702,6,0.2,0.0,0.0,260,0,0.0,0.0,0.0,0,0,0.0,0.0,0.0,0.0,0,0.0,0.0,0.0,0,0,0,0,0,0,0,0,0,0,0
job-79311f69,0,1,0.0,0.0,0.0,0,2,0.5,33.05293226678275,-39.31175080283004,0,3,1.0,0.0,0.0,0,5,1.194597,0.0,0.0,0.921,6,0.2,0.0,0.0,360,0,0.0,0.0,0.0,0,0,0.0,0.0,0.0,0.0,0,0.0,0.0,0.0,0,0,0,0,0,0,0,0,0,0,0
job-53585c39,0,1,0.0,0.0,0.0,0,2,0.5,-7.56493740292591,161.00078327509345,0,3,1.0,0.0,0.0,0,5,0.568143,0.0,0.0,0.598,6,0.2,0.0,0.0,143,0,0.0,0.0,0.0,0,0,0.0,0.0,0.0,0.0,0,0.0,0.0,0.0,0,0,0,0,0,0,0,0,0,0,0
job-d8b3b14b,1,1,0.0,0.0,0.0,0,2,0.5,38.25399258845613,121.75931117320086,0,3,1.0,0.0,0.0,0,4,2.429189,0.0,0.0,10.0,4,2.321243,0.0,0.0,50,4,2.540679,0.0,0.0,100,5,0.5,0.0,0.0,8.791,6,0.5,0.0,0.0,12284,0,0,0,0,0,0,0,0,0,0
job-64c639c3,0,1,0.0,0.0,0.0,0,2,0.5,-8.136846581547157,163.8759581833184,0,3,1.0,0.0,0.0,0,5,1.122463,0.0,0.0,0.679,6,0.2,0.0,0.0,326,0,0.0,0.0,0.0,0,0,0.0,0.0,0.0,0.0,0,0.0,0.0,0.0,0,0,0,0,0,0,0,0,0,0,0
job-beab96cf,0,1,0.0,0.0,0.0,0,2,0.5,33.67293160808697,-42.6397105069348,0,3,1.0,0.0,0.0,0,5,1.427003,0.0,0.0,1.044,6,0.2,0.0,0.0,245,0,0.0,0.0,0.0,0,0,0.0,0.0,0.0,0.0,0,0.0,0.0,0.0,0,0,0,0,0,0,0,0,0,0,0
job-2c847e64,0,1,0.0,0.0,0.0,0,2,0.5,-31.071191390561474,69.42555891389878,0,3,1.0,0.0,0.0,0,5,1.177851,0.0,0.0,0.916,6,0.2,0.0,0.0,319,0,0.0,0.0,0.0,0,0,0.0,0.0,0.0,0.0,0,0.0,0.0,0.0,0,0,0,0,0,0,0,0,0,0,0
job-6b61617b,1,1,0.0,0.0,0.0,0,2,0.5,38.22963475955221,121.77287703956043,0,3,1.0,0.0,0.0,0,4,2.064457,0.0,0.0,10.0,4,3.66852,0.0,0.0,50,4,3.360013,0.0,0.0,100,5,0.5,0.0,0.0,10.592,6,0.5,0.0,0.0,14862,0,0,0,0,0,0,0,0,0,0
job-f35db8db,0,1,0.0,0.0,0.0,0,2,0.5,31.81590390137612,-41.40073580138152,0,3,1.0,0.0,0.0,0,5,0.817105,0.0,0.0,1.446,6,0.2,0.0,0.0,332,0,0.0,0.0,0.0,0,0,0.0,0.0,0.0,0.0,0,0.0,0.0,0.0,0,0,0,0,0,0,0,0,0,0,0
job-52252fa0,0,1,0.0,0.0,0.0,0,2,0.5,-9.717274685254917,161.56249566343877,0,3,1.0,0.0,0.0,0,5,0.508537,0.0,0.0,1.244,6,0.2,0.0,0.0,170,0,0.0,0.0,0.0,0,0,0.0,0.0,0.0,0.0,0,0.0,0.0,0.0,0,0,0,0,0,0,0,0,0,0,0
job-74ff2afa,0,1,0.0,0.0,0.0,0,2,0.5,-7.734621456623944,159.9970340533976,0,3,1.0,0.0,0.0,0,5,1.021921,0.0,0.0,1.058,6,0.2,0.0,0.0,105,0,0.0,0.0,0.0,0,0,0.0,0.0,0.0,0.0,0,0.0,0.0,0.0,0,0,0,0,0,0,0,0,0,0,0
job-01d4a0f9,0,1,0.0,0.0,0.0,0,2,0.5,33.66278816604701,-42.80822404262821,0,3,1.0,0.0,0.0,0,5,0.714978,0.0,0.0,0.847,6,0.2,0.0,0.0,439,0,0.0,0.0,0.0,0,0,0.0,0.0,0.0,0.0,0,0.0,0.0,0.0,0,0,0,0,0,0,0,0,0,0,0
job-77d45dd9,1,1,0.0,0.0,0.0,0,2,0.5,38.21658818315424,121.713833754089,0,3,1.0,0.0,0.0,0,4,2.802928,0.0,0.0,10.0,4,3.775331,0.0,0.0,50,4,2.786891,0.0,0.0,100,5,0.5,0.0,0.0,10.865,6,0.5,0.0,0.0,19930,0,0,0,0,0,0,0,0,0,0
job-7d4feb0f,0,1,0.0,0.0,0.0,0,2,0.5,-10.52869415630839,163.5284380916899,0,3,1.0,0.0,0.0,0,5,1.355613,0.0,0.0,1.352,6,0.2,0.0,0.0,463,0,0.0,0.0,0.0,0,0,0.0,0.0,0.0,0.0,0,0.0,0.0,0.0,0,0,0,0,0,0,0,0,0,0,0
job-9e8993ec,1,1,0.0,0.0,0.0,0,2,0.5,38.259003672831895,121.74973889746006,0,3,1.0,0.0,0.0,0,4,2.976112,0.0,0.0,10.0,4,2.293103,0.0,0.0,50,4,2.655678,0.0,0.0,100,5,0.5,0.0,0.0,9.424,6,0.5,0.0,0.0,19236,0,0,0,0,0,0,0,0,0,0
job-47c64b24,1,1,0.0,0.0,0.0,0,2,0.5,38.24047445568115,121.73172209157602,0,3,1.0,0.0,0.0,0,4,3.761455,0.0,0.0,10.0,4,2.731991,0.0,0.0,50,4,2.117016,0.0,0.0,100,5,0.5,0.0,0.0,10.11,6,0.5,0.0,0.0,6026,0,0,0,0,0,0,0,0,0,0
job-72e1c6ca,1,1,0.0,0.0,0.0,0,2,0.5,38.26288030801823,121.78084293551204,0,3,1.0,0.0,0.0,0,4,3.887939,0.0,0.0,10.0,4,3.242337,0.0,0.0,50,4,2.845077,0.0,0.0,100,5,0.5,0.0,0.0,11.475,6,0.5,0.0,0.0,18480,0,0,0,0,0,0,0,0,0,0
job-1fd14ff1,0,1,0.0,0.0,0.0,0,2,0.5,34.22817182996571,-42.763785958662226,0,3,1.0,0.0,0.0,0,5,0.511204,0.0,0.0,0.808,6,0.2,0.0,0.0,61,0,0.0,0.0,0.0,0,0,0.0,0.0,0.0,0.0,0,0.0,0.0,0.0,0,0,0,0,0,0,0,0,0,0,0
job-e9827fdb,0,1,0.0,0.0,0.0,0,2,0.5,-28.893012861667934,70.69916993886326,0,3,1.0,0.0,0.0,0,5,1.242679,0.0,0.0,1.229,6,0.2,0.0,0.0,360,0,0.0,0.0,0.0,0,0,0.0,0.0,0.0,0.0,0,0.0,0.0,0.0,0,0,0,0,0,0,0,0,0,0,0
job-6ecdbad2,0,1,0.0,0.0,0.0,0,2,0.5,-30.00322928111158,69.61638106563609,0,3,1.0,0.0,0.0,0,5,0.698461,0.0,0.0,1.006,6,0.2,0.0,0.0,362,0,0.0,0.0,0.0,0,0,0.0,0.0,0.0,0.0,0,0.0,0.0,0.0,0,0,0,0,0,0,0,0,0,0,0
job-00128de8,1,1,0.0,0.0,0.0,0,2,0.5,38.27233022256944,121.77082541929906,0,3,1.0,0.0,0.0,0,4,3.851051,0.0,0.0,10.0,4,2.928268,0.0,0.0,50,4,2.134745,0.0,0.0,100,5,0.5,0.0,0.0,10.414,6,0.5,0.0,0.0,8759,0,0,0,0,0,0,0,0,0,0
job-eaae5754,0,1,0.0,0.0,0.0,0,2,0.5,32.99770382975791,-39.479748449085115,0,3,1.0,0.0,0.0,0,5,0.626131,0.0,0.0,1.321,6,0.2,0.0,0.0,139,0,0.0,0.0,0.0,0,0,0.0,0.0,0.0,0.0,0,0.0,0.0,0.0,0,0,0,0,0,0,0,0,0,0,0
job-984efb88,1,1,0.0,0.0,0.0,0,2,0.5,38.259404671262686,121.75994133666643,0,3,1.0,0.0,0.0,0,4,2.941077,0.0,0.0,10.0,4,2.695237,0.0,0.0,50,4,2.2436,0.0,0.0,100,5,0.5,0.0,0.0,9.379,6,0.5,0.0,0.0,9992,0,0,0,0,0,0,0,0,0,0
job-ab9ef8a2,0,1,0.0,0.0,0.0,0,2,0.5,-28.742354188505146,69.96871010235589,0,3,1.0,0.0,0.0,0,5,1.353303,0.0,0.0,0.844,6,0.2,0.0,0.0,81,0,0.0,0.0,0.0,0,0,0.0,0.0,0.0,0.0,0,0.0,0.0,0.0,0,0,0,0,0,0,0,0,0,0,0
job-2e0b8958,0,1,0.0,0.0,0.0,0,2,0.5,-30.676142528395832,68.55590956795821,0,3,1.0,0.0,0.0,0,5,1.421129,0.0,0.0,1.472,6,0.2,0.0,0.0,88,0,0.0,0.0,0.0,0,0,0.0,0.0,0.0,0.0,0,0.0,0.0,0.0,0,0,0,0,0,0,0,0,0,0,0
job-765985a5,0,1,0.0,0.0,0.0,0,2,0.5,-31.2008146163584,70.67564324884074,0,3,1.0,0.0,0.0,0,5,1.463621,0.0,0.0,1.068,6,0.2,0.0,0.0,279,0,0.0,0.0,0.0,0,0,0.0,0.0,0.0,0.0,0,0.0,0.0,0.0,0,0,0,0,0,0,0,0,0,0,0
job-dd1e98ff,0,1,0.0,0.0,0.0,0,2,0.5,-8.473470208633502,161.02495555260268,0,3,1.0,0.0,0.0,0,5,1.475335,0.0,0.0,0.763,6,0.2,0.0,0.0,443,0,0.0,0.0,0.0,0,0,0.0,0.0,0.0,0.0,0,0.0,0.0,0.0,0,0,0,0,0,0,0,0,0,0,0
job-65a7546c,1,1,0.0,0.0,0.0,0,2,0.5,38.27163267682248,121.75055347643115,0,3,1.0,0.0,0.0,0,4,2.253102,0.0,0.0,10.0,4,3.659922,0.0,0.0,50,4,3.537363,0.0,0.0,100,5,0.5,0.0,0.0,10.95,6,0.5,0.0,0.0,16087,0,0,0,0,0,0,0,0,0,0
job-567223ba,0,1,0.0,0.0,0.0,0,2,0.5,-31.240134475213868,69.65013005024565,0,3,1.0,0.0,0.0,0,5,1.418178,0.0,0.0,1.256,6,0.2,0.0,0.0,500,0,0.0,0.0,0.0,0,0,0.0,0.0,0.0,0.0,0,0.0,0.0,0.0,0,0,0,0,0,0,0,0,0,0,0
job-f1e83f5e,0,1,0.0,0.0,0.0,0,2,0.5,-29.103634194748494,67.05599607507442,0,3,1.0,0.0,0.0,0,5,0.66669,0.0,0.0,1.26,6,0.2,0.0,0.0,372,0,0.0,0.0,0.0,0,0,0.0,0.0,0.0,0.0,0,0.0,0.0,0.0,0,0,0,0,0,0,0,0,0,0,0
job-77b1ae5c,1,1,0.0,0.0,0.0,0,2,0.5,38.25245266754631,121.76799713229929,0,3,1.0,0.0,0.0,0,4,3.884582,0.0,0.0,10.0,4,3.82998,0.0,0.0,50,4,3.179922,0.0,0.0,100,5,0.5,0.0,0.0,12.394,6,0.5,0.0,0.0,17692,0,0,0,0,0,0,0,0,0,0
job-4def9578,1,1,0.0,0.0,0.0,0,2,0.5,38.23602186628956,121.73163599932101,0,3,1.0,0.0,0.0,0,4,2.889304,0.0,0.0,10.0,4,2.683592,0.0,0.0,50,4,3.661195,0.0,0.0,100,5,0.5,0.0,0.0,10.734,6,0.5,0.0,0.0,14300,0,0,0,0,0,0,0,0,0,0
job-a9de8c7b,0,1,0.0,0.0,0.0,0,2,0.5,-28.925911139565244,69.66245612619291,0,3,1.0,0.0,0.0,0,5,0.611755,0.0,0.0,0.809,6,0.2,0.0,0.0,486,0,0.0,0.0,0.0,0,0,0.0,0.0,0.0,0.0,0,0.0,0.0,0.0,0,0,0,0,0,0,0,0,0,0,0
job-438cd51c,0,1,0.0,0.0,0.0,0,2,0.5,-29.321741423706584,69.35494911695352,0,3,1.0,0.0,0.0,0,5,1.470988,0.0,0.0,1.112,6,0.2,0.0,0.0,31,0,0.0,0.0,0.0,0,0,0.0,0.0,0.0,0.0,0,0.0,0.0,0.0,0,0,0,0,0,0,0,0,0,0,0
job-7af5c748,0,1,0.0,0.0,0.0,0,2,0.5,36.31060197465858,-41.15813838644699,0,3,1.0,0.0,0.0,0,5,1.030561,0.0,0.0,0.759,6,0.2,0.0,0.0,411,0,0.0,0.0,0.0,0,0,0.0,0.0,0.0,0.0,0,0.0,0.0,0.0,0,0,0,0,0,0,0,0,0,0,0
job-bb1502f8,1,1,0.0,0.0,0.0,0,2,0.5,38.24359258342285,121.73597999737403,0,3,1.0,0.0,0.0,0,4,3.189298,0.0,0.0,10.0,4,3.864379,0.0,0.0,50,4,2.036401,0.0,0.0,100,5,0.5,0.0,0.0,10.59,6,0.5,0.0,0.0,9485,0,0,0,0,0,0,0,0,0,0
job-149ddaf7,0,1,0.0,0.0,0.0,0,2,0.5,-28.693723687962635,69.4103875559089,0,3,1.0,0.0,0.0,0,5,0.728798,0.0,0.0,0.99,6,0.2,0.0,0.0,151,0,0.0,0.0,0.0,0,0,0.0,0.0,0.0,0.0,0,0.0,0.0,0.0,0,0,0,0,0,0,0,0,0,0,0
job-4f986253,0,1,0.0,0.0,0.0,0,2,0.5,32.65796566223414,-38.94319365690959,0,3,1.0,0.0,0.0,0,5,1.25303,0.0,0.0,1.086,6,0.2,0.0,0.0,473,0,0.0,0.0,0.0,0,0,0.0,0.0,0.0,0.0,0,0.0,0.0,0.0,0,0,0,0,0,0,0,0,0,0,0
job-55036ef4,0,1,0.0,0.0,0.0,0,2,0.5,-8.179254256372127,161.12966990540752,0,3,1.0,0.0,0.0,0,5,0.719873,0.0,0.0,1.39,6,0.2,0.0,0.0,13,0,0.0,0.0,0.0,0,0,0.0,0.0,0.0,0.0,0,0.0,0.0,0.0,0,0,0,0,0,0,0,0,0,0,0
job-587c773c,1,1,0.0,0.0,0.0,0,2,0.5,38.27268438997757,121.72771112802158,0,3,1.0,0.0,0.0,0,4,2.262,0.0,0.0,10.0,4,3.77835,0.0,0.0,50,4,2.796916,0.0,0.0,100,5,0.5,0.0,0.0,10.337,6,0.5,0.0,0.0,5935,0,0,0,0,0,0,0,0,0,0
job-ee8f5969,0,1,0.0,0.0,0.0,0,2,0.5,32.67828381844256,-42.55978926052877,0,3,1.0,0.0,0.0,0,5,1.016322,0.0,0.0,1.372,6,0.2,0.0,0.0,153,0,0.0,0.0,0.0,0,0,0.0,0.0,0.0,0.0,0,0.0,0.0,0.0,0,0,0,0,0,0,0,0,0,0,0
job-1fb8250c,0,1,0.0,0.0,0.0,0,2,0.5,-9.000810001131068,160.72284114325555,0,3,1.0,0.0,0.0,0,5,1.444493,0.0,0.0,1.2,6,0.2,0.0,0.0,53,0,0.0,0.0,0.0,0,0,0.0,0.0,0.0,0.0,0,0.0,0.0,0.0,0,0,0,0,0,0,0,0,0,0,0
job-30e49b1b,0,1,0.0,0.0,0.0,0,2,0.5,34.91311752541793,-41.249854473441104,0,3,1.0,0.0,0.0,0,5,1.48117,0.0,0.0,1.475,6,0.2,0.0,0.0,409,0,0.0,0.0,0.0,0,0,0.0,0.0,0.0,0.0,0,0.0,0.0,0.0,0,0,0,0,0,0,0,0,0,0,0
job-1fd8949a,0,1,0.0,0.0,0.0,0,2,0.5,-32.40888895046821,68.52204362438161,0,3,1.0,0.0,0.0,0,5,1.389182,0.0,0.0,1.413,6,0.2,0.0,0.0,131,0,0.0,0.0,0.0,0,0,0.0,0.0,0.0,0.0,0,0.0,0.0,0.0,0,0,0,0,0,0,0,0,0,0,0
job-a83306da,0,1,0.0,0.0,0.0,0,2,0.5,-5.767765732936542,160.5225043266612,0,3,1.0,0.0,0.0,0,5,0.553491,0.0,0.0,1.166,6,0.2,0.0,0.0,214,0,0.0,0.0,0.0,0,0,0.0,0.0,0.0,0.0,0,0.0,0.0,0.0,0,0,0,0,0,0,0,0,0,0,0
job-3515480e,0,1,0.0,0.0,0.0,0,2,0.5,-29.892821902560826,69.91724744566139,0,3,1.0,0.0,0.0,0,5,0.607511,0.0,0.0,1.197,6,0.2,0.0,0.0,134,0,0.0,0.0,0.0,0,0,0.0,0.0,0.0,0.0,0,0.0,0.0,0.0,0,0,0,0,0,0,0,0,0,0,0
job-6fb747cd,1,1,0.0,0.0,0.0,0,2,0.5,38.261518444363844,121.73124464750848,0,3,1.0,0.0,0.0,0,4,3.55428,0.0,0.0,10.0,4,2.466897,0.0,0.0,50,4,2.194172,0.0,0.0,100,5,0.5,0.0,0.0,9.715,6,0.5,0.0,0.0,19017,0,0,0,0,0,0,0,0,0,0
job-0da02009,0,1,0.0,0.0,0.0,0,2,0.5,35.72264427236535,-40.32249737112265,0,3,1.0,0.0,0.0,0,5,1.14533,0.0,0.0,0.513,6,0.2,0.0,0.0,258,0,0.0,0.0,0.0,0,0,0.0,0.0,0.0,0.0,0,0.0,0.0,0.0,0,0,0,0,0,0,0,0,0,0,0
job-525f7e49,1,1,0.0,0.0,0.0,0,2,0.5,38.243417527943905,121.72142147490665,0,3,1.0,0.0,0.0,0,4,2.115035,0.0,0.0,10.0,4,2.854599,0.0,0.0,50,4,2.922571,0.0,0.0,100,5,0.5,0.0,0.0,9.392,6,0.5,0.0,0.0,13253,0,0,0,0,0,0,0,0,0,0
job-577b1c92,0,1,0.0,0.0,0.0,0,2,0.5,-29.811522610227435,69.16560004448523,0,3,1.0,0.0,0.0,0,5,1.384121,0.0,0.0,0.955,6,0.2,0.0,0.0,358,0,0.0,0.0,0.0,0,0,0.0,0.0,0.0,0.0,0,0.0,0.0,0.0,0,0,0,0,0,0,0,0,0,0,0
job-5e6fb396,0,1,0.0,0.0,0.0,0,2,0.5,34.81634305119121,-38.36230771126084,0,3,1.0,0.0,0.0,0,5,0.853946,0.0,0.0,0.819,6,0.2,0.0,0.0,172,0,0.0,0.0,0.0,0,0,0.0,0.0,0.0,0.0,0,0.0,0.0,0.0,0,0,0,0,0,0,0,0,0,0,0
job-bf125ade,1,1,0.0,0.0,0.0,0,2,0.5,38.20224672250643,121.73833236267086,0,3,1.0,0.0,0.0,0,4,2.20689,0.0,0.0,10.0,4,2.491118,0.0,0.0,50,4,2.959229,0.0,0.0,100,5,0.5,0.0,0.0,9.157,6,0.5,0.0,0.0,6928,0,0,0,0,0,0,0,0,0,0
job-f2d6e401,0,1,0.0,0.0,0.0,0,2,0.5,-29.6096860937158,67.15557341154303,0,3,1.0,0.0,0.0,0,5,1.301185,0.0,0.0,0.604,6,0.2,0.0,0.0,373,0,0.0,0.0,0.0,0,0,0.0,0.0,0.0,0.0,0,0.0,0.0,0.0,0,0,0,0,0,0,0,0,0,0,0
job-1fcd1573,0,1,0.0,0.0,0.0,0,2,0.5,36.00193465163612,-42.0741588224798,0,3,1.0,0.0,0.0,0,5,0.6998,0.0,0.0,1.328,6,0.2,0.0,0.0,209,0,0.0,0.0,0.0,0,0,0.0,0.0,0.0,0.0,0,0.0,0.0,0.0,0,0,0,0,0,0,0,0,0,0,0
job-aeef26cb,0,1,0.0,0.0,0.0,0,2,0.5,33.437470133268505,-42.33849083623605,0,3,1.0,0.0,0.0,0,5,1.063448,0.0,0.0,0.933,6,0.2,0.0,0.0,273,0,0.0,0.0,0.0,0,0,0.0,0.0,0.0,0.0,0,0.0,0.0,0.0,0,0,0,0,0,0,0,0,0,0,0
job-d4d277c4,0,1,0.0,0.0,0.0,0,2,0.5,-32.41665719245558,70.88415340283396,0,3,1.0,0.0,0.0,0,5,0.793934,0.0,0.0,1.131,6,0.2,0.0,0.0,37,0,0.0,0.0,0.0,0,0,0.0,0.0,0.0,0.0,0,0.0,0.0,0.0,0,0,0,0,0,0,0,0,0,0,0
job-d12a5a84,0,1,0.0,0.0,0.0,0,2,0.5,-30.506909817333145,70.09719317350184,0,3,1.0,0.0,0.0,0,5,0.992406,0.0,0.0,1.376,6,0.2,0.0,0.0,178,0,0.0,0.0,0.0,0,0,0.0,0.0,0.0,0.0,0,0.0,0.0,0.0,0,0,0,0,0,0,0,0,0,0,0
job-29e560d9,1,1,0.0,0.0,0.0,0,2,0.5,38.222967108268534,121.73134798023285,0,3,1.0,0.0,0.0,0,4,3.073998,0.0,0.0,10.0,4,3.847397,0.0,0.0,50,4,2.952312,0.0,0.0,100,5,0.5,0.0,0.0,11.373,6,0.5,0.0,0.0,13707,0,0,0,0,0,0,0,0,0,0
job-7ad99d0c,0,1,0.0,0.0,0.0,0,2,0.5,34.470250530224014,-39.76303529478756,0,3,1.0,0.0,0.0,0,5,0.60185,0.0,0.0,0.865,6,0.2,0.0,0.0,415,0,0.0,0.0,0.0,0,0,0.0,0.0,0.0,0.0,0,0.0,0.0,0.0,0,0,0,0,0,0,0,0,0,0,0
job-b0f8e783,0,1,0.0,0.0,0.0,0,2,0.5,-28.462969253507516,67.2930386363598,0,3,1.0,0.0,0.0,0,5,1.069573,0.0,0.0,0.543,6,0.2,0.0,0.0,98,0,0.0,0.0,0.0,0,0,0.0,0.0,0.0,0.0,0,0.0,0.0,0.0,0,0,0,0,0,0,0,0,0,0,0
job-6b746dab,1,1,0.0,0.0,0.0,0,2,0.5,38.25630715222937,121.71843082083925,0,3,1.0,0.0,0.0,0,4,2.617579,0.0,0.0,10.0,4,2.547812,0.0,0.0,50,4,3.274669,0.0,0.0,100,5,0.5,0.0,0.0,9.94,6,0.5,0.0,0.0,14452,0,0,0,0,0,0,0,0,0,0
job-1985c9b4,0,1,0.0,0.0,0.0,0,2,0.5,-8.807672705932218,161.5288048907232,0,3,1.0,0.0,0.0,0,5,0.631726,0.0,0.0,0.622,6,0.2,0.0,0.0,155,0,0.0,0.0,0.0,0,0,0.0,0.0,0.0,0.0,0,0.0,0.0,0.0,0,0,0,0,0,0,0,0,0,0,0
job-df9cde00,1,1,0.0,0.0,0.0,0,2,0.5,38.29284907106201,121.75183681121872,0,3,1.0,0.0,0.0,0,4,2.563603,0.0,0.0,10.0,4,2.399138,0.0,0.0,50,4,3.050207,0.0,0.0,100,5,0.5,0.0,0.0,9.512,6,0.5,0.0,0.0,15520,0,0,0,0,0,0,0,0,0,0
job-3a043095,0,1,0.0,0.0,0.0,0,2,0.5,-9.752387799306998,161.51761805705303,0,3,1.0,0.0,0.0,0,5,0.990191,0.0,0.0,1.405,6,0.2,0.0,0.0,442,0,0.0,0.0,0.0,0,0,0.0,0.0,0.0,0.0,0,0.0,0.0,0.0,0,0,0,0,0,0,0,0,0,0,0
job-dabcc13a,0,1,0.0,0.0,0.0,0,2,0.5,-9.022570460863435,160.3159491919189,0,3,1.0,0.0,0.0,0,5,1.264305,0.0,0.0,1.175,6,0.2,0.0,0.0,264,0,0.0,0.0,0.0,0,0,0.0,0.0,0.0,0.0,0,0.0,0.0,0.0,0,0,0,0,0,0,0,0,0,0,0
job-f7ce6deb,1,1,0.0,0.0,0.0,0,2,0.5,38.271886237629786,121.77303523797548,0,3,1.0,0.0,0.0,0,4,2.357522,0.0,0.0,10.0,4,3.845751,0.0,0.0,50,4,2.556499,0.0,0.0,100,5,0.5,0.0,0.0,10.259,6,0.5,0.0,0.0,11596,0,0,0,0,0,0,0,0,0,0
job-6e528824,0,1,0.0,0.0,0.0,0,2,0.5,-7.1516983547158155,160.00374852117483,0,3,1.0,0.0,0.0,0,5,1.323641,0.0,0.0,0.889,6,0.2,0.0,0.0,228,0,0.0,0.0,0.0,0,0,0.0,0.0,0.0,0.0,0,0.0,0.0,0.0,0,0,0,0,0,0,0,0,0,0,0
job-8b649e0c,1,1,0.0,0.0,0.0,0,2,0.5,38.241855029013166,121.74532390787823,0,3,1.0,0.0,0.0,0,4,3.111162,0.0,0.0,10.0,4,2.619867,0.0,0.0,50,4,2.922572,0.0,0.0,100,5,0.5,0.0,0.0,10.153,6,0.5,0.0,0.0,6851,0,0,0,0,0,0,0,0,0,0
job-53f60f0d,0,1,0.0,0.0,0.0,0,2,0.5,32.81012234468268,-38.83318748660176,0,3,1.0,0.0,0.0,0,5,0.847037,0.0,0.0,1.102,6,0.2,0.0,0.0,216,0,0.0,0.0,0.0,0,0,0.0,0.0,0.0,0.0,0,0.0,0.0,0.0,0,0,0,0,0,0,0,0,0,0,0
job-591ff620,1,1,0.0,0.0,0.0,0,2,0.5,38.21847985946106,121.76251547412005,0,3,1.0,0.0,0.0,0,4,3.521385,0.0,0.0,10.0,4,2.201627,0.0,0.0,50,4,2.467136,0.0,0.0,100,5,0.5,0.0,0.0,9.69,6,0.5,0.0,0.0,11939,0,0,0,0,0,0,0,0,0,0
job-0bc2f09c,0,1,0.0,0.0,0.0,0,2,0.5,35.61817979483179,-39.766050123697,0,3,1.0,0.0,0.0,0,5,1.068523,0.0,0.0,1.127,6,0.2,0.0,0.0,165,0,0.0,0.0,0.0,0,0,0.0,0.0,0.0,0.0,0,0.0,0.0,0.0,0,0,0,0,0,0,0,0,0,0,0
job-6f2d626d,1,1,0.0,0.0,0.0,0,2,0.5,38.26346649563297,121.74809531378193,0,3,1.0,0.0,0.0,0,4,2.09874,0.0,0.0,10.0,4,2.39069,0.0,0.0,50,4,2.553374,0.0,0.0,100,5,0.5,0.0,0.0,8.542,6,0.5,0.0,0.0,18668,0,0,0,0,0,0,0,0,0,0
job-393d7eba,0,1,0.0,0.0,0.0,0,2,0.5,34.47376423962485,-39.671755238524725,0,3,1.0,0.0,0.0,0,5,1.477565,0.0,0.0,1.238,6,0.2,0.0,0.0,444,0,0.0,0.0,0.0,0,0,0.0,0.0,0.0,0.0,0,0.0,0.0,0.0,0,0,0,0,0,0,0,0,0,0,0
job-1811fb56,0,1,0.0,0.0,0.0,0,2,0.5,-29.573390582245217,70.80318906648952,0,3,1.0,0.0,0.0,0,5,1.369258,0.0,0.0,1.276,6,0.2,0.0,0.0,483,0,0.0,0.0,0.0,0,0,0.0,0.0,0.0,0.0,0,0.0,0.0,0.0,0,0,0,0,0,0,0,0,0,0,0
job-0923eadd,0,1,0.0,0.0,0.0,0,2,0.5,35.37665943548184,-42.23434012787379,0,3,1.0,0.0,0.0,0,5,0.992648,0.0,0.0,1.145,6,0.2,0.0,0.0,234,0,0.0,0.0,0.0,0,0,0.0,0.0,0.0,0.0,0,0.0,0.0,0.0,0,0,0,0,0,0,0,0,0,0,0
job-4235c96c,0,1,0.0,0.0,0.0,0,2,0.5,-29.538840990844655,67.75625488363188,0,3,1.0,0.0,0.0,0,5,0.982216,0.0,0.0,0.64,6,0.2,0.0,0.0,318,0,0.0,0.0,0.0,0,0,0.0,0.0,0.0,0.0,0,0.0,0.0,0.0,0,0,0,0,0,0,0,0,0,0,0
job-544232af,0,1,0.0,0.0,0.0,0,2,0.5,-7.982145816627366,160.38818148747285,0,3,1.0,0.0,0.0,0,5,1.133989,0.0,0.0,1.021,6,0.2,0.0,0.0,301,0,0.0,0.0,0.0,0,0,0.0,0.0,0.0,0.0,0,0.0,0.0,0.0,0,0,0,0,0,0,0,0,0,0,0
job-752cc37b,1,1,0.0,0.0,0.0,0,2,0.5,38.243496653512906,121.78442703694242,0,3,1.0,0.0,0.0,0,4,2.873221,0.0,0.0,10.0,4,2.396976,0.0,0.0,50,4,3.161063,0.0,0.0,100,5,0.5,0.0,0.0,9.931,6,0.5,0.0,0.0,13073,0,0,0,0,0,0,0,0,0,0
job-702d3b38,0,1,0.0,0.0,0.0,0,2,0.5,36.09796732093247,-39.87045621847271,0,3,1.0,0.0,0.0,0,5,0.991878,0.0,0.0,1.207,6,0.2,0.0,0.0,264,0,0.0,0.0,0.0,0,0,0.0,0.0,0.0,0.0,0,0.0,0.0,0.0,0,0,0,0,0,0,0,0,0,0,0
job-ecd74f58,1,1,0.0,0.0,0.0,0,2,0.5,38.26460706993723,121.73047795640773,0,3,1.0,0.0,0.0,0,4,2.815523,0.0,0.0,10.0,4,3.678902,0.0,0.0,50,4,2.828075,0.0,0.0,100,5,0.5,0.0,0.0,10.822,6,0.5,0.0,0.0,13160,0,0,0,0,0,0,0,0,0,0
job-eaac688d,1,1,0.0,0.0,0.0,0,2,0.5,38.2371145603542,121.76196870172002,0,3,1.0,0.0,0.0,0,4,2.790669,0.0,0.0,10.0,4,2.237164,0.0,0.0,50,4,3.223535,0.0,0.0,100,5,0.5,0.0,0.0,9.751,6,0.5,0.0,0.0,14188,0,0,0,0,0,0,0,0,0,0
job-3930a2bc,0,1,0.0,0.0,0.0,0,2,0.5,-29.72314644441299,70.20446747211855,0,3,1.0,0.0,0.0,0,5,1.111991,0.0,0.0,1.463,6,0.2,0.0,0.0,59,0,0.0,0.0,0.0,0,0,0.0,0.0,0.0,0.0,0,0.0,0.0,0.0,0,0,0,0,0,0,0,0,0,0,0
job-8f7cde52,0,1,0.0,0.0,0.0,0,2,0.5,-31.992029471395597,67.63766496772479,0,3,1.0,0.0,0.0,0,5,1.019875,0.0,0.0,0.9,6,0.2,0.0,0.0,47,0,0.0,0.0,0.0,0,0,0.0,0.0,0.0,0.0,0,0.0,0.0,0.0,0,0,0,0,0,0,0,0,0,0,0
job-8920d5ad,1,1,0.0,0.0,0.0,0,2,0.5,38.24902541853807,121.72419804285079,0,3,1.0,0.0,0.0,0,4,3.690479,0.0,0.0,10.0,4,2.905373,0.0,0.0,50,4,3.06221,0.0,0.0,100,5,0.5,0.0,0.0,11.158,6,0.5,0.0,0.0,13328,0,0,0,0,0,0,0,0,0,0
job-0cecc169,0,1,0.0,0.0,0.0,0,2,0.5,32.528269603639515,-38.745467607575364,0,3,1.0,0.0,0.0,0,5,1.27595,0.0,0.0,0.876,6,0.2,0.0,0.0,461,0,0.0,0.0,0.0,0,0,0.0,0.0,0.0,0.0,0,0.0,0.0,0.0,0,0,0,0,0,0,0,0,0,0,0
job-d4365528,0,1,0.0,0.0,0.0,0,2,0.5,32.77394632910557,-42.667261801366436,0,3,1.0,0.0,0.0,0,5,0.965888,0.0,0.0,1.166,6,0.2,0.0,0.0,172,0,0.0,0.0,0.0,0,0,0.0,0.0,0.0,0.0,0,0.0,0.0,0.0,0,0,0,0,0,0,0,0,0,0,0
job-06529be8,1,1,0.0,0.0,0.0,0,2,0.5,38.21877049965086,121.76258249803163,0,3,1.0,0.0,0.0,0,4,3.258181,0.0,0.0,10.0,4,3.507114,0.0,0.0,50,4,2.27492,0.0,0.0,100,5,0.5,0.0,0.0,10.54,6,0.5,0.0,0.0,18407,0,0,0,0,0,0,0,0,0,0
job-687c010d,0,1,0.0,0.0,0.0,0,2,0.5,-10.271572708976208,159.73418786586143,0,3,1.0,0.0,0.0,0,5,0.864406,0.0,0.0,0.619,6,0.2,0.0,0.0,392,0,0.0,0.0,0.0,0,0,0.0,0.0,0.0,0.0,0,0.0,0.0,0.0,0,0,0,0,0,0,0,0,0,0,0
job-a9f7b656,0,1,0.0,0.0,0.0,0,2,0.5,-8.30239555820894,161.81066775991627,0,3,1.0,0.0,0.0,0,5,1.072102,0.0,0.0,0.626,6,0.2,0.0,0.0,184,0,0.0,0.0,0.0,0,0,0.0,0.0,0.0,0.0,0,0.0,0.0,0.0,0,0,0,0,0,0,0,0,0,0,0
job-65b0c274,0,1,0.0,0.0,0.0,0,2,0.5,-9.021327847202127,163.3985046319022,0,3,1.0,0.0,0.0,0,5,0.509333,0.0,0.0,0.921,6,0.2,0.0,0.0,440,0,0.0,0.0,0.0,0,0,0.0,0.0,0.0,0.0,0,0.0,0.0,0.0,0,0,0,0,0,0,0,0,0,0,0
job-7f406b1a,0,1,0.0,0.0,0.0,0,2,0.5,-31.255769132337136,69.94344192677445,0,3,1.0,0.0,0.0,0,5,0.580783,0.0,0.0,1.489,6,0.2,0.0,0.0,194,0,0.0,0.0,0.0,0,0,0.0,0.0,0.0,0.0,0,0.0,0.0,0.0,0,0,0,0,0,0,0,0,0,0,0
job-1d579335,0,1,0.0,0.0,0.0,0,2,0.5,-7.21019884885842,161.23419743262087,0,3,1.0,0.0,0.0,0,5,0.971449,0.0,0.0,0.917,6,0.2,0.0,0.0,306,0,0.0,0.0,0.0,0,0,0.0,0.0,0.0,0.0,0,0.0,0.0,0.0,0,0,0,0,0,0,0,0,0,0,0
job-342cc2e9,0,1,0.0,0.0,0.0,0,2,0.5,34.58070082275776,-41.43708805193291,0,3,1.0,0.0,0.0,0,5,0.756497,0.0,0.0,1.192,6,0.2,0.0,0.0,213,0,0.0,0.0,0.0,0,0,0.0,0.0,0.0,0.0,0,0.0,0.0,0.0,0,0,0,0,0,0,0,0,0,0,0
job-2e1a8d7e,0,1,0.0,0.0,0.0,0,2,0.5,36.57115177060905,-41.24848905551141,0,3,1.0,0.0,0.0,0,5,0.544639,0.0,0.0,1.222,6,0.2,0.0,0.0,357,0,0.0,0.0,0.0,0,0,0.0,0.0,0.0,0.0,0,0.0,0.0,0.0,0,0,0,0,0,0,0,0,0,0,0
job-5f0221d5,0,1,0.0,0.0,0.0,0,2,0.5,-31.00106001548181,69.77256133011933,0,3,1.0,0.0,0.0,0,5,1.035909,0.0,0.0,1.496,6,0.2,0.0,0.0,61,0,0.0,0.0,0.0,0,0,0.0,0.0,0.0,0.0,0,0.0,0.0,0.0,0,0,0,0,0,0,0,0,0,0,0
job-56fc21ab,0,1,0.0,0.0,0.0,0,2,0.5,32.7199043719588,-40.39652506258869,0,3,1.0,0.0,0.0,0,5,1.081761,0.0,0.0,1.279,6,0.2,0.0,0.0,367,0,0.0,0.0,0.0,0,0,0.0,0.0,0.0,0.0,0,0.0,0.0,0.0,0,0,0,0,0,0,0,0,0,0,0
job-22a6e3cd,0,1,0.0,0.0,0.0,0,2,0.5,-8.14320899103581,162.1927664419611,0,3,1.0,0.0,0.0,0,5,1.083587,0.0,0.0,1.196,6,0.2,0.0,0.0,99,0,0.0,0.0,0.0,0,0,0.0,0.0,0.0,0.0,0,0.0,0.0,0.0,0,0,0,0,0,0,0,0,0,0,0
job-60a882c1,0,1,0.0,0.0,0.0,0,2,0.5,33.85078338737095,-39.28929606214564,0,3,1.0,0.0,0.0,0,5,1.147964,0.0,0.0,1.458,6,0.2,0.0,0.0,336,0,0.0,0.0,0.0,0,0,0.0,0.0,0.0,0.0,0,0.0,0.0,0.0,0,0,0,0,0,0,0,0,0,0,0
job-117b0a34,0,1,0.0,0.0,0.0,0,2,0.5,35.93370858336148,-40.0966751896743,0,3,1.0,0.0,0.0,0,5,1.205082,0.0,0.0,0.663,6,0.2,0.0,0.0,275,0,0.0,0.0,0.0,0,0,0.0,0.0,0.0,0.0,0,0.0,0.0,0.0,0,0,0,0,0,0,0,0,0,0,0
job-83dfd414,0,1,0.0,0.0,0.0,0,2,0.5,36.22018503967412,-41.36438553164864,0,3,1.0,0.0,0.0,0,5,0.625701,0.0,0.0,0.59,6,0.2,0.0,0.0,315,0,0.0,0.0,0.0,0,0,0.0,0.0,0.0,0.0,0,0.0,0.0,0.0,0,0,0,0,0,0,0,0,0,0,0
job-6e8827f9,0,1,0.0,0.0,0.0,0,2,0.5,-6.550219666826802,163.52646346416725,0,3,1.0,0.0,0.0,0,5,0.662626,0.0,0.0,1.144,6,0.2,0.0,0.0,421,0,0.0,0.0,0.0,0,0,0.0,0.0,0.0,0.0,0,0.0,0.0,0.0,0,0,0,0,0,0,0,0,0,0,0
job-8cf6073a,0,1,0.0,0.0,0.0,0,2,0.5,-7.196417936483545,160.34722895783597,0,3,1.0,0.0,0.0,0,5,0.9091,0.0,0.0,0.506,6,0.2,0.0,0.0,86,0,0.0,0.0,0.0,0,0,0.0,0.0,0.0,0.0,0,0.0,0.0,0.0,0,0,0,0,0,0,0,0,0,0,0
job-20ba8552,0,1,0.0,0.0,0.0,0,2,0.5,-7.413777804171859,161.7249376127954,0,3,1.0,0.0,0.0,0,5,1.252981,0.0,0.0,1.492,6,0.2,0.0,0.0,118,0,0.0,0.0,0.0,0,0,0.0,0.0,0.0,0.0,0,0.0,0.0,0.0,0,0,0,0,0,0,0,0,0,0,0
job-7dd4e95b,1,1,0.0,0.0,0.0,0,2,0.5,38.22522532858258,121.74963420989738,0,3,1.0,0.0,0.0,0,4,2.159052,0.0,0.0,10.0,4,3.615881,0.0,0.0,50,4,3.910761,0.0,0.0,100,5,0.5,0.0,0.0,11.185,6,0.5,0.0,0.0,17403,0,0,0,0,0,0,0,0,0,0
job-8961da7e,1,1,0.0,0.0,0.0,0,2,0.5,38.25443419949609,121.77752263197002,0,3,1.0,0.0,0.0,0,4,3.276012,0.0,0.0,10.0,4,3.995277,0.0,0.0,50,4,2.188094,0.0,0.0,100,5,0.5,0.0,0.0,10.959,6,0.5,0.0,0.0,14746,0,0,0,0,0,0,0,0,0,0
job-7fedea6a,1,1,0.0,0.0,0.0,0,2,0.5,38.25001324171398,121.77229756630149,0,3,1.0,0.0,0.0,0,4,3.639457,0.0,0.0,10.0,4,2.748197,0.0,0.0,50,4,2.396567,0.0,0.0,100,5,0.5,0.0,0.0,10.284,6,0.5,0.0,0.0,13815,0,0,0,0,0,0,0,0,0,0
job-5b49d6c1,0,1,0.0,0.0,0.0,0,2,0.5,-31.776889116479502,68.67293422335248,0,3,1.0,0.0,0.0,0,5,1.469118,0.0,0.0,0.939,6,0.2,0.0,0.0,250,0,0.0,0.0,0.0,0,0,0.0,0.0,0.0,0.0,0,0.0,0.0,0.0,0,0,0,0,0,0,0,0,0,0,0
job-45a2c471,0,1,0.0,0.0,0.0,0,2,0.5,-7.72849546217863,162.9139402212096,0,3,1.0,0.0,0.0,0,5,0.914148,0.0,0.0,1.176,6,0.2,0.0,0.0,398,0,0.0,0.0,0.0,0,0,0.0,0.0,0.0,0.0,0,0.0,0.0,0.0,0,0,0,0,0,0,0,0,0,0,0
job-a13e1ff4,0,1,0.0,0.0,0.0,0,2,0.5,-7.5542514747125304,160.87010378987893,0,3,1.0,0.0,0.0,0,5,1.12412,0.0,0.0,1.344,6,0.2,0.0,0.0,85,0,0.0,0.0,0.0,0,0,0.0,0.0,0.0,0.0,0,0.0,0.0,0.0,0,0,0,0,0,0,0,0,0,0,0
job-6ed09be6,0,1,0.0,0.0,0.0,0,2,0.5,35.55686116829453,-42.693413014959454,0,3,1.0,0.0,0.0,0,5,1.409793,0.0,0.0,0.725,6,0.2,0.0,0.0,423,0,0.0,0.0,0.0,0,0,0.0,0.0,0.0,0.0,0,0.0,0.0,0.0,0,0,0,0,0,0,0,0,0,0,0
job-2770c07d,0,1,0.0,0.0,0.0,0,2,0.5,32.88825518429998,-40.4568890931089,0,3,1.0,0.0,0.0,0,5,1.094325,0.0,0.0,0.766,6,0.2,0.0,0.0,156,0,0.0,0.0,0.0,0,0,0.0,0.0,0.0,0.0,0,0.0,0.0,0.0,0,0,0,0,0,0,0,0,0,0,0
job-6d275ce2,0,1,0.0,0.0,0.0,0,2,0.5,-8.28631126783203,162.8214381584565,0,3,1.0,0.0,0.0,0,5,1.413962,0.0,0.0,1.012,6,0.2,0.0,0.0,268,0,0.0,0.0,0.0,0,0,0.0,0.0,0.0,0.0,0,0.0,0.0,0.0,0,0,0,0,0,0,0,0,0,0,0
job-bd239cca,0,1,0.0,0.0,0.0,0,2,0.5,-6.478179250328646,161.54745576061856,0,3,1.0,0.0,0.0,0,5,1.34745,0.0,0.0,0.719,6,0.2,0.0,0.0,304,0,0.0,0.0,0.0,0,0,0.0,0.0,0.0,0.0,0,0.0,0.0,0.0,0,0,0,0,0,0,0,0,0,0,0
job-211bca15,0,1,0.0,0.0,0.0,0,2,0.5,-9.909574043445367,164.181067302037,0,3,1.0,0.0,0.0,0,5,0.626794,0.0,0.0,0.798,6,0.2,0.0,0.0,318,0,0.0,0.0,0.0,0,0,0.0,0.0,0.0,0.0,0,0.0,0.0,0.0,0,0,0,0,0,0,0,0,0,0,0
job-568b18fd,0,1,0.0,0.0,0.0,0,2,0.5,33.6563278843075,-42.56131424340933,0,3,1.0,0.0,0.0,0,5,0.632665,0.0,0.0,1.363,6,0.2,0.0,0.0,201,0,0.0,0.0,0.0,0,0,0.0,0.0,0.0,0.0,0,0.0,0.0,0.0,0,0,0,0,0,0,0,0,0,0,0
job-1e30f8ed,0,1,0.0,0.0,0.0,0,2,0.5,-28.74575669735156,70.23720227517025,0,3,1.0,0.0,0.0,0,5,0.973698,0.0,0.0,0.558,6,0.2,0.0,0.0,201,0,0.0,0.0,0.0,0,0,0.0,0.0,0.0,0.0,0,0.0,0.0,0.0,0,0,0,0,0,0,0,0,0,0,0
job-948ee5f6,0,1,0.0,0.0,0.0,0,2,0.5,-8.576970538455948,161.8740168035077,0,3,1.0,0.0,0.0,0,5,1.182584,0.0,0.0,0.739,6,0.2,0.0,0.0,104,0,0.0,0.0,0.0,0,0,0.0,0.0,0.0,0.0,0,0.0,0.0,0.0,0,0,0,0,0,0,0,0,0,0,0
job-6e1ac177,0,1,0.0,0.0,0.0,0,2,0.5,32.915734165919496,-41.78740799666555,0,3,1.0,0.0,0.0,0,5,0.857887,0.0,0.0,0.875,6,0.2,0.0,0.0,183,0,0.0,0.0,0.0,0,0,0.0,0.0,0.0,0.0,0,0.0,0.0,0.0,0,0,0,0,0,0,0,0,0,0,0
job-a143e2ab,1,1,0.0,0.0,0.0,0,2,0.5,38.29817133994512,121.74291814099338,0,3,1.0,0.0,0.0,0,4,2.083893,0.0,0.0,10.0,4,3.674221,0.0,0.0,50,4,2.432852,0.0,0.0,100,5,0.5,0.0,0.0,9.69,6,0.5,0.0,0.0,5157,0,0,0,0,0,0,0,0,0,0
job-eb9449fc,0,1,0.0,0.0,0.0,0,2,0.5,33.414003335594685,-42.376293631149416,0,3,1.0,0.0,0.0,0,5,0.581668,0.0,0.0,0.594,6,0.2,0.0,0.0,420,0,0.0,0.0,0.0,0,0,0.0,0.0,0.0,0.0,0,0.0,0.0,0.0,0,0,0,0,0,0,0,0,0,0,0
job-a697554f,0,1,0.0,0.0,0.0,0,2,0.5,-8.052742941572667,161.69239134188436,0,3,1.0,0.0,0.0,0,5,0.676863,0.0,0.0,1.453,6,0.2,0.0,0.0,363,0,0.0,0.0,0.0,0,0,0.0,0.0,0.0,0.0,0,0.0,0.0,0.0,0,0,0,0,0,0,0,0,0,0,0
job-76fe0024,0,1,0.0,0.0,0.0,0,2,0.5,32.26320536647826,-41.87798533993515,0,3,1.0,0.0,0.0,0,5,1.212303,0.0,0.0,1.013,6,0.2,0.0,0.0,278,0,0.0,0.0,0.0,0,0,0.0,0.0,0.0,0.0,0,0.0,0.0,0.0,0,0,0,0,0,0,0,0,0,0,0
job-816e7611,0,1,0.0,0.0,0.0,0,2,0.5,-30.443061341568303,70.02873681556822,0,3,1.0,0.0,0.0,0,5,0.768581,0.0,0.0,1.147,6,0.2,0.0,0.0,105,0,0.0,0.0,0.0,0,0,0.0,0.0,0.0,0.0,0,0.0,0.0,0.0,0,0,0,0,0,0,0,0,0,0,0
job-71616014,0,1,0.0,0.0,0.0,0,2,0.5,-29.73665093202196,69.7023253450499,0,3,1.0,0.0,0.0,0,5,0.663429,0.0,0.0,0.531,6,0.2,0.0,0.0,350,0,0.0,0.0,0.0,0,0,0.0,0.0,0.0,0.0,0,0.0,0.0,0.0,0,0,0,0,0,0,0,0,0,0,0
job-45e4d73b,0,1,0.0,0.0,0.0,0,2,0.5,-30.948704255597676,69.92894617239114,0,3,1.0,0.0,0.0,0,5,1.002395,0.0,0.0,1.357,6,0.2,0.0,0.0,155,0,0.0,0.0,0.0,0,0,0.0,0.0,0.0,0.0,0,0.0,0.0,0.0,0,0,0,0,0,0,0,0,0,0,0
job-82aa6eeb,0,1,0.0,0.0,0.0,0,2,0.5,35.06507233486525,-41.039915731130606,0,3,1.0,0.0,0.0,0,5,0.958008,0.0,0.0,0.992,6,0.2,0.0,0.0,319,0,0.0,0.0,0.0,0,0,0.0,0.0,0.0,0.0,0,0.0,0.0,0.0,0,0,0,0,0,0,0,0,0,0,0
job-ed286f22,0,1,0.0,0.0,0.0,0,2,0.5,-8.421085767564286,163.23594997465847,0,3,1.0,0.0,0.0,0,5,0.86062,0.0,0.0,1.254,6,0.2,0.0,0.0,437,0,0.0,0.0,0.0,0,0,0.0,0.0,0.0,0.0,0,0.0,0.0,0.0,0,0,0,0,0,0,0,0,0,0,0
job-7b6aa215,1,1,0.0,0.0,0.0,0,2,0.5,38.272472462355566,121.73675845355848,0,3,1.0,0.0,0.0,0,4,2.068902,0.0,0.0,10.0,4,3.871191,0.0,0.0,50,4,3.039332,0.0,0.0,100,5,0.5,0.0,0.0,10.479,6,0.5,0.0,0.0,17652,0,0,0,0,0,0,0,0,0,0
job-f249289f,0,1,0.0,0.0,0.0,0,2,0.5,35.56359864615803,-40.141673909692585,0,3,1.0,0.0,0.0,0,5,0.828201,0.0,0.0,1.338,6,0.2,0.0,0.0,287,0,0.0,0.0,0.0,0,0,0.0,0.0,0.0,0.0,0,0.0,0.0,0.0,0,0,0,0,0,0,0,0,0,0,0
job-4f27c54d,0,1,0.0,0.0,0.0,0,2,0.5,-9.044901547147226,160.61354083071552,0,3,1.0,0.0,0.0,0,5,0.742758,0.0,0.0,1.399,6,0.2,0.0,0.0,449,0,0.0,0.0,0.0,0,0,0.0,0.0,0.0,0.0,0,0.0,0.0,0.0,0,0,0,0,0,0,0,0,0,0,0
job-3f8b61a2,1,1,0.0,0.0,0.0,0,2,0.5,38.20935611240377,121.7904987573715,0,3,1.0,0.0,0.0,0,4,2.638709,0.0,0.0,10.0,4,3.759326,0.0,0.0,50,4,3.1529,0.0,0.0,100,5,0.5,0.0,0.0,11.05,6,0.5,0.0,0.0,16110,0,0,0,0,0,0,0,0,0,0
job-14185cfd,0,1,0.0,0.0,0.0,0,2,0.5,-30.54372523881043,68.40130931769487,0,3,1.0,0.0,0.0,0,5,1.469693,0.0,0.0,1.011,6,0.2,0.0,0.0,443,0,0.0,0.0,0.0,0,0,0.0,0.0,0.0,0.0,0,0.0,0.0,0.0,0,0,0,0,0,0,0,0,0,0,0
job-b0e717af,0,1,0.0,0.0,0.0,0,2,0.5,-31.233336755570885,69.2208308301447,0,3,1.0,0.0,0.0,0,5,0.692917,0.0,0.0,0.903,6,0.2,0.0,0.0,453,0,0.0,0.0,0.0,0,0,0.0,0.0,0.0,0.0,0,0.0,0.0,0.0,0,0,0,0,0,0,0,0,0,0,0
job-5cf14243,0,1,0.0,0.0,0.0,0,2,0.5,-6.450532667658457,163.28654271467724,0,3,1.0,0.0,0.0,0,5,1.032726,0.0,0.0,1.277,6,0.2,0.0,0.0,470,0,0.0,0.0,0.0,0,0,0.0,0.0,0.0,0.0,0,0.0,0.0,0.0,0,0,0,0,0,0,0,0,0,0,0
job-60383255,0,1,0.0,0.0,0.0,0,2,0.5,32.60271669452155,-39.20503987105876,0,3,1.0,0.0,0.0,0,5,1.419465,0.0,0.0,0.99,6,0.2,0.0,0.0,208,0,0.0,0.0,0.0,0,0,0.0,0.0,0.0,0.0,0,0.0,0.0,0.0,0,0,0,0,0,0,0,0,0,0,0
job-9268f666,0,1,0.0,0.0,0.0,0,2,0.5,-31.1648486648426,67.43895100317823,0,3,1.0,0.0,0.0,0,5,0.986904,0.0,0.0,1.468,6,0.2,0.0,0.0,346,0,0.0,0.0,0.0,0,0,0.0,0.0,0.0,0.0,0,0.0,0.0,0.0,0,0,0,0,0,0,0,0,0,0,0
job-3196f54e,0,1,0.0,0.0,0.0,0,2,0.5,33.14753049693162,-39.13382598586385,0,3,1.0,0.0,0.0,0,5,0.909849,0.0,0.0,0.948,6,0.2,0.0,0.0,264,0,0.0,0.0,0.0,0,0,0.0,0.0,0.0,0.0,0,0.0,0.0,0.0,0,0,0,0,0,0,0,0,0,0,0
job-3859f2e4,1,1,0.0,0.0,0.0,0,2,0.5,38.26751232281843,121.78136963554078,0,3,1.0,0.0,0.0,0,4,2.804018,0.0,0.0,10.0,4,3.764431,0.0,0.0,50,4,3.379617,0.0,0.0,100,5,0.5,0.0,0.0,11.448,6,0.5,0.0,0.0,18198,0,0,0,0,0,0,0,0,0,0
job-076d8ba4,0,1,0.0,0.0,0.0,0,2,0.5,32.647859409098885,-39.492758739505376,0,3,1.0,0.0,0.0,0,5,1.249085,0.0,0.0,0.552,6,0.2,0.0,0.0,455,0,0.0,0.0,0.0,0,0,0.0,0.0,0.0,0.0,0,0.0,0.0,0.0,0,0,0,0,0,0,0,0,0,0,0
job-478cfd41,0,1,0.0,0.0,0.0,0,2,0.5,-31.616846329820042,66.9541724681921,0,3,1.0,0.0,0.0,0,5,0.757052,0.0,0.0,0.547,6,0.2,0.0,0.0,438,0,0.0,0.0,0.0,0,0,0.0,0.0,0.0,0.0,0,0.0,0.0,0.0,0,0,0,0,0,0,0,0,0,0,0
job-149e4173,0,1,0.0,0.0,0.0,0,2,0.5,-31.242744294124705,71.19688547873606,0,3,1.0,0.0,0.0,0,5,1.10909,0.0,0.0,1.029,6,0.2,0.0,0.0,306,0,0.0,0.0,0.0,0,0,0.0,0.0,0.0,0.0,0,0.0,0.0,0.0,0,0,0,0,0,0,0,0,0,0,0
job-447b4c7e,1,1,0.0,0.0,0.0,0,2,0.5,38.263933509130354,121.74549325567935,0,3,1.0,0.0,0.0,0,4,3.869263,0.0,0.0,10.0,4,2.733693,0.0,0.0,50,4,2.795177,0.0,0.0,100,5,0.5,0.0,0.0,10.898,6,0.5,0.0,0.0,19284,0,0,0,0,0,0,0,0,0,0
job-8c4926f8,1,1,0.0,0.0,0.0,0,2,0.5,38.229381231160744,121.7550499630978,0,3,1.0,0.0,0.0,0,4,3.741879,0.0,0.0,10.0,4,3.334075,0.0,0.0,50,4,3.371491,0.0,0.0,100,5,0.5,0.0,0.0,11.947,6,0.5,0.0,0.0,16884,0,0,0,0,0,0,0,0,0,0
job-6e1dfed2,0,1,0.0,0.0,0.0,0,2,0.5,-30.78012968084851,67.06187133787768,0,3,1.0,0.0,0.0,0,5,0.574077,0.0,0.0,1.474,6,0.2,0.0,0.0,458,0,0.0,0.0,0.0,0,0,0.0,0.0,0.0,0.0,0,0.0,0.0,0.0,0,0,0,0,0,0,0,0,0,0,0
job-1aabbec9,0,1,0.0,0.0,0.0,0,2,0.5,-8.88701568549343,163.87434641188986,0,3,1.0,0.0,0.0,0,5,1.476806,0.0,0.0,1.415,6,0.2,0.0,0.0,460,0,0.0,0.0,0.0,0,0,0.0,0.0,0.0,0.0,0,0.0,0.0,0.0,0,0,0,0,0,0,0,0,0,0,0
job-9403bbad,0,1,0.0,0.0,0.0,0,2,0.5,-31.570452381485293,70.72371475087391,0,3,1.0,0.0,0.0,0,5,1.260158,0.0,0.0,0.82,6,0.2,0.0,0.0,372,0,0.0,0.0,0.0,0,0,0.0,0.0,0.0,0.0,0,0.0,0.0,0.0,0,0,0,0,0,0,0,0,0,0,0
job-1a8235cd,1,1,0.0,0.0,0.0,0,2,0.5,38.25343061083365,121.76991646225846,0,3,1.0,0.0,0.0,0,4,3.3465,0.0,0.0,10.0,4,3.261226,0.0,0.0,50,4,3.06858,0.0,0.0,100,5,0.5,0.0,0.0,11.176,6,0.5,0.0,0.0,13940,0,0,0,0,0,0,0,0,0,0
job-a583ca81,0,1,0.0,0.0,0.0,0,2,0.5,-31.41090766485458,68.48448519121314,0,3,1.0,0.0,0.0,0,5,1.24385,0.0,0.0,1.21,6,0.2,0.0,0.0,289,0,0.0,0.0,0.0,0,0,0.0,0.0,0.0,0.0,0,0.0,0.0,0.0,0,0,0,0,0,0,0,0,0,0,0
job-f9ffd2c6,0,1,0.0,0.0,0.0,0,2,0.5,-9.517536839699012,160.97955721141108,0,3,1.0,0.0,0.0,0,5,1.038814,0.0,0.0,1.477,6,0.2,0.0,0.0,191,0,0.0,0.0,0.0,0,0,0.0,0.0,0.0,0.0,0,0.0,0.0,0.0,0,0,0,0,0,0,0,0,0,0,0
job-53788c09,0,1,0.0,0.0,0.0,0,2,0.5,33.94109850981382,-40.67770418800421,0,3,1.0,0.0,0.0,0,5,1.377037,0.0,0.0,0.872,6,0.2,0.0,0.0,216,0,0.0,0.0,0.0,0,0,0.0,0.0,0.0,0.0,0,0.0,0.0,0.0,0,0,0,0,0,0,0,0,0,0,0
job-e67ecca0,1,1,0.0,0.0,0.0,0,2,0.5,38.249757762456795,121.76709332756886,0,3,1.0,0.0,0.0,0,4,2.280738,0.0,0.0,10.0,4,3.622959,0.0,0.0,50,4,3.572401,0.0,0.0,100,5,0.5,0.0,0.0,10.976,6,0.5,0.0,0.0,17380,0,0,0,0,0,0,0,0,0,0
job-c458e693,1,1,0.0,0.0,0.0,0,2,0.5,38.26555107871283,121.75191899957596,0,3,1.0,0.0,0.0,0,4,3.42002,0.0,0.0,10.0,4,3.913589,0.0,0.0,50,4,2.301656,0.0,0.0,100,5,0.5,0.0,0.0,11.135,6,0.5,0.0,0.0,9372,0,0,0,0,0,0,0,0,0,0
job-87c48849,0,1,0.0,0.0,0.0,0,2,0.5,-30.659523795301524,67.67896323907064,0,3,1.0,0.0,0.0,0,5,1.092344,0.0,0.0,0.603,6,0.2,0.0,0.0,140,0,0.0,0.0,0.0,0,0,0.0,0.0,0.0,0.0,0,0.0,0.0,0.0,0,0,0,0,0,0,0,0,0,0,0
job-3340cbcc,0,1,0.0,0.0,0.0,0,2,0.5,-10.021119860127992,163.06124841196578,0,3,1.0,0.0,0.0,0,5,1.162841,0.0,0.0,0.725,6,0.2,0.0,0.0,496,0,0.0,0.0,0.0,0,0,0.0,0.0,0.0,0.0,0,0.0,0.0,0.0,0,0,0,0,0,0,0,0,0,0,0
job-326c7d2c,1,1,0.0,0.0,0.0,0,2,0.5,38.27699031293717,121.77736753184223,0,3,1.0,0.0,0.0,0,4,2.5845,0.0,0.0,10.0,4,3.302038,0.0,0.0,50,4,3.890765,0.0,0.0,100,5,0.5,0.0,0.0,11.277,6,0.5,0.0,0.0,14866,0,0,0,0,0,0,0,0,0,0
job-eb8824f1,0,1,0.0,0.0,0.0,0,2,0.5,-6.064581891946464,162.32905074869782,0,3,1.0,0.0,0.0,0,5,0.923379,0.0,0.0,0.899,6,0.2,0.0,0.0,93,0,0.0,0.0,0.0,0,0,0.0,0.0,0.0,0.0,0,0.0,0.0,0.0,0,0,0,0,0,0,0,0,0,0,0
job-3d6516a1,0,1,0.0,0.0,0.0,0,2,0.5,33.08035213046357,-39.40493409323948,0,3,1.0,0.0,0.0,0,5,0.759095,0.0,0.0,0.602,6,0.2,0.0,0.0,264,0,0.0,0.0,0.0,0,0,0.0,0.0,0.0,0.0,0,0.0,0.0,0.0,0,0,0,0,0,0,0,0,0,0,0
job-0589c4e9,1,1,0.0,0.0,0.0,0,2,0.5,38.24737846687948,121.76301202330735,0,3,1.0,0.0,0.0,0,4,2.756262,0.0,0.0,10.0,4,3.18851,0.0,0.0,50,4,2.839718,0.0,0.0,100,5,0.5,0.0,0.0,10.284,6,0.5,0.0,0.0,7293,0,0,0,0,0,0,0,0,0,0
job-fc3e96b0,0,1,0.0,0.0,0.0,0,2,0.5,33.530726966377145,-38.78558080648449,0,3,1.0,0.0,0.0,0,5,1.061835,0.0,0.0,0.759,6,0.2,0.0,0.0,427,0,0.0,0.0,0.0,0,0,0.0,0.0,0.0,0.0,0,0.0,0.0,0.0,0,0,0,0,0,0,0,0,0,0,0
job-1fbcf912,0,1,0.0,0.0,0.0,0,2,0.5,-30.111251462894444,70.89247777943561,0,3,1.0,0.0,0.0,0,5,1.170214,0.0,0.0,1.314,6,0.2,0.0,0.0,91,0,0.0,0.0,0.0,0,0,0.0,0.0,0.0,0.0,0,0.0,0.0,0.0,0,0,0,0,0,0,0,0,0,0,0
job-09d069d9,1,1,0.0,0.0,0.0,0,2,0.5,38.26960011462201,121.78939875848613,0,3,1.0,0.0,0.0,0,4,2.217135,0.0,0.0,10.0,4,3.082414,0.0,0.0,50,4,3.586912,0.0,0.0,100,5,0.5,0.0,0.0,10.386,6,0.5,0.0,0.0,12364,0,0,0,0,0,0,0,0,0,0
job-e2203486,1,1,0.0,0.0,0.0,0,2,0.5,38.26528102774294,121.74932606705367,0,3,1.0,0.0,0.0,0,4,2.559727,0.0,0.0,10.0,4,2.590272,0.0,0.0,50,4,2.688329,0.0,0.0,100,5,0.5,0.0,0.0,9.338,6,0.5,0.0,0.0,7917,0,0,0,0,0,0,0,0,0,0
job-c22709d6,0,1,0.0,0.0,0.0,0,2,0.5,-31.738638695492952,69.1948415067834,0,3,1.0,0.0,0.0,0,5,0.576527,0.0,0.0,0.732,6,0.2,0.0,0.0,443,0,0.0,0.0,0.0,0,0,0.0,0.0,0.0,0.0,0,0.0,0.0,0.0,0,0,0,0,0,0,0,0,0,0,0
job-da9c0ea9,1,1,0.0,0.0,0.0,0,2,0.5,38.257001074323355,121.7410535583073,0,3,1.0,0.0,0.0,0,4,3.86466,0.0,0.0,10.0,4,2.896214,0.0,0.0,50,4,3.623296,0.0,0.0,100,5,0.5,0.0,0.0,11.884,6,0.5,0.0,0.0,6228,0,0,0,0,0,0,0,0,0,0
job-fda516b6,1,1,0.0,0.0,0.0,0,2,0.5,38.238284759478866,121.7133415040345,0,3,1.0,0.0,0.0,0,4,3.198041,0.0,0.0,10.0,4,3.820356,0.0,0.0,50,4,3.573941,0.0,0.0,100,5,0.5,0.0,0.0,12.092,6,0.5,0.0,0.0,11399,0,0,0,0,0,0,0,0,0,0
job-d8e7622d,0,1,0.0,0.0,0.0,0,2,0.5,-29.7493206629671,70.04207210165336,0,3,1.0,0.0,0.0,0,5,1.339571,0.0,0.0,1.104,6,0.2,0.0,0.0,16,0,0.0,0.0,0.0,0,0,0.0,0.0,0.0,0.0,0,0.0,0.0,0.0,0,0,0,0,0,0,0,0,0,0,0
job-90465cd0,0,1,0.0,0.0,0.0,0,2,0.5,-10.168313753723272,163.34779568676646,0,3,1.0,0.0,0.0,0,5,0.792201,0.0,0.0,1.129,6,0.2,0.0,0.0,346,0,0.0,0.0,0.0,0,0,0.0,0.0,0.0,0.0,0,0.0,0.0,0.0,0,0,0,0,0,0,0,0,0,0,0
job-8196f0ae,0,1,0.0,0.0,0.0,0,2,0.5,36.11269507950885,-40.53964074132537,0,3,1.0,0.0,0.0,0,5,1.223494,0.0,0.0,0.744,6,0.2,0.0,0.0,256,0,0.0,0.0,0.0,0,0,0.0,0.0,0.0,0.0,0,0.0,0.0,0.0,0,0,0,0,0,0,0,0,0,0,0
job-cd55f90f,0,1,0.0,0.0,0.0,0,2,0.5,-31.245874729403592,67.56562022483948,0,3,1.0,0.0,0.0,0,5,0.670034,0.0,0.0,1.151,6,0.2,0.0,0.0,282,0,0.0,0.0,0.0,0,0,0.0,0.0,0.0,0.0,0,0.0,0.0,0.0,0,0,0,0,0,0,0,0,0,0,0
job-61f95d82,1,1,0.0,0.0,0.0,0,2,0.5,38.2537401223869,121.74167066925682,0,3,1.0,0.0,0.0,0,4,3.946524,0.0,0.0,10.0,4,3.485797,0.0,0.0,50,4,2.066489,0.0,0.0,100,5,0.5,0.0,0.0,10.998,6,0.5,0.0,0.0,18855,0,0,0,0,0,0,0,0,0,0
job-4384c458,0,1,0.0,0.0,0.0,0,2,0.5,34.737665791993294,-42.05104365658565,0,3,1.0,0.0,0.0,0,5,0.867182,0.0,0.0,0.876,6,0.2,0.0,0.0,253,0,0.0,0.0,0.0,0,0,0.0,0.0,0.0,0.0,0,0.0,0.0,0.0,0,0,0,0,0,0,0,0,0,0,0
job-32a5d7ee,1,1,0.0,0.0,0.0,0,2,0.5,38.28096148570127,121.72137385629651,0,3,1.0,0.0,0.0,0,4,3.144049,0.0,0.0,10.0,4,2.312036,0.0,0.0,50,4,3.152188,0.0,0.0,100,5,0.5,0.0,0.0,10.108,6,0.5,0.0,0.0,10509,0,0,0,0,0,0,0,0,0,0
job-0acdef73,0,1,0.0,0.0,0.0,0,2,0.5,-7.684346021031722,160.9182704731696,0,3,1.0,0.0,0.0,0,5,0.639096,0.0,0.0,1.017,6,0.2,0.0,0.0,247,0,0.0,0.0,0.0,0,0,0.0,0.0,0.0,0.0,0,0.0,0.0,0.0,0,0,0,0,0,0,0,0,0,0,0
job-a9c00297,1,1,0.0,0.0,0.0,0,2,0.5,38.28439539457328,121.74233889193297,0,3,1.0,0.0,0.0,0,4,2.351675,0.0,0.0,10.0,4,3.876709,0.0,0.0,50,4,2.676542,0.0,0.0,100,5,0.5,0.0,0.0,10.404,6,0.5,0.0,0.0,8275,0,0,0,0,0,0,0,0,0,0
job-42b88428,0,1,0.0,0.0,0.0,0,2,0.5,-32.516643634143506,69.80773649827634,0,3,1.0,0.0,0.0,0,5,1.333124,0.0,0.0,1.486,6,0.2,0.0,0.0,422,0,0.0,0.0,0.0,0,0,0.0,0.0,0.0,0.0,0,0.0,0.0,0.0,0,0,0,0,0,0,0,0,0,0,0
job-9c7f3a4a,0,1,0.0,0.0,0.0,0,2,0.5,-10.080410519896741,162.24700629479867,0,3,1.0,0.0,0.0,0,5,1.169087,0.0,0.0,0.648,6,0.2,0.0,0.0,414,0,0.0,0.0,0.0,0,0,0.0,0.0,0.0,0.0,0,0.0,0.0,0.0,0,0,0,0,0,0,0,0,0,0,0
job-a762bfe5,0,1,0.0,0.0,0.0,0,2,0.5,-29.985084268163817,68.24205252815341,0,3,1.0,0.0,0.0,0,5,0.830001,0.0,0.0,1.274,6,0.2,0.0,0.0,121,0,0.0,0.0,0.0,0,0,0.0,0.0,0.0,0.0,0,0.0,0.0,0.0,0,0,0,0,0,0,0,0,0,0,0
job-5d5fd9c5,0,1,0.0,0.0,0.0,0,2,0.5,-8.696236251853476,160.64665019967043,0,3,1.0,0.0,0.0,0,5,0.802168,0.0,0.0,0.538,6,0.2,0.0,0.0,214,0,0.0,0.0,0.0,0,0,0.0,0.0,0.0,0.0,0,0.0,0.0,0.0,0,0,0,0,0,0,0,0,0,0,0
job-ffe2e0b9,0,1,0.0,0.0,0.0,0,2,0.5,-9.222846692019877,160.30962122049633,0,3,1.0,0.0,0.0,0,5,1.353039,0.0,0.0,1.426,6,0.2,0.0,0.0,194,0,0.0,0.0,0.0,0,0,0.0,0.0,0.0,0.0,0,0.0,0.0,0.0,0,0,0,0,0,0,0,0,0,0,0
job-b7bcfc75,0,1,0.0,0.0,0.0,0,2,0.5,-9.72315650597847,161.20708484467588,0,3,1.0,0.0,0.0,0,5,0.775378,0.0,0.0,0.538,6,0.2,0.0,0.0,312,0,0.0,0.0,0.0,0,0,0.0,0.0,0.0,0.0,0,0.0,0.0,0.0,0,0,0,0,0,0,0,0,0,0,0
job-34939318,0,1,0.0,0.0,0.0,0,2,0.5,-8.05763427138946,162.71695061896446,0,3,1.0,0.0,0.0,0,5,0.86979,0.0,0.0,1.376,6,0.2,0.0,0.0,447,0,0.0,0.0,0.0,0,0,0.0,0.0,0.0,0.0,0,0.0,0.0,0.0,0,0,0,0,0,0,0,0,0,0,0
job-deed4081,1,1,0.0,0.0,0.0,0,2,0.5,38.210509419411366,121.7146545541857,0,3,1.0,0.0,0.0,0,4,3.479065,0.0,0.0,10.0,4,2.801749,0.0,0.0,50,4,2.848197,0.0,0.0,100,5,0.5,0.0,0.0,10.629,6,0.5,0.0,0.0,17922,0,0,0,0,0,0,0,0,0,0
job-0f553303,0,1,0.0,0.0,0.0,0,2,0.5,-31.78036515330288,70.3390400670994,0,3,1.0,0.0,0.0,0,5,1.169925,0.0,0.0,0.744,6,0.2,0.0,0.0,19,0,0.0,0.0,0.0,0,0,0.0,0.0,0.0,0.0,0,0.0,0.0,0.0,0,0,0,0,0,0,0,0,0,0,0
job-af6ecb02,0,1,0.0,0.0,0.0,0,2,0.5,-30.37075117819699,71.01366184875448,0,3,1.0,0.0,0.0,0,5,1.333135,0.0,0.0,1.454,6,0.2,0.0,0.0,200,0,0.0,0.0,0.0,0,0,0.0,0.0,0.0,0.0,0,0.0,0.0,0.0,0,0,0,0,0,0,0,0,0,0,0
job-bc60db66,0,1,0.0,0.0,0.0,0,2,0.5,34.66729838394522,-41.61626619779561,0,3,1.0,0.0,0.0,0,5,0.973664,0.0,0.0,1.34,6,0.2,0.0,0.0,460,0,0.0,0.0,0.0,0,0,0.0,0.0,0.0,0.0,0,0.0,0.0,0.0,0,0,0,0,0,0,0,0,0,0,0
job-0f2e0005,0,1,0.0,0.0,0.0,0,2,0.5,-7.796163677437258,163.08971134016141,0,3,1.0,0.0,0.0,0,5,0.845062,0.0,0.0,0.858,6,0.2,0.0,0.0,271,0,0.0,0.0,0.0,0,0,0.0,0.0,0.0,0.0,0,0.0,0.0,0.0,0,0,0,0,0,0,0,0,0,0,0
job-8e0024ad,0,1,0.0,0.0,0.0,0,2,0.5,33.18391982079581,-41.5368497405319,0,3,1.0,0.0,0.0,0,5,0.888065,0.0,0.0,1.203,6,0.2,0.0,0.0,329,0,0.0,0.0,0.0,0,0,0.0,0.0,0.0,0.0,0,0.0,0.0,0.0,0,0,0,0,0,0,0,0,0,0,0
job-870723a0,1,1,0.0,0.0,0.0,0,2,0.5,38.29339434998734,121.75923519744268,0,3,1.0,0.0,0.0,0,4,2.501688,0.0,0.0,10.0,4,3.74934,0.0,0.0,50,4,3.152397,0.0,0.0,100,5,0.5,0.0,0.0,10.903,6,0.5,0.0,0.0,6620,0,0,0,0,0,0,0,0,0,0
job-412f14f4,0,1,0.0,0.0,0.0,0,2,0.5,-10.42473657860825,163.38843832692436,0,3,1.0,0.0,0.0,0,5,1.027721,0.0,0.0,1.069,6,0.2,0.0,0.0,133,0,0.0,0.0,0.0,0,0,0.0,0.0,0.0,0.0,0,0.0,0.0,0.0,0,0,0,0,0,0,0,0,0,0,0
job-22cca6cc,1,1,0.0,0.0,0.0,0,2,0.5,38.26862221146431,121.71915970577015,0,3,1.0,0.0,0.0,0,4,2.142398,0.0,0.0,10.0,4,2.048982,0.0,0.0,50,4,3.340465,0.0,0.0,100,5,0.5,0.0,0.0,9.031,6,0.5,0.0,0.0,6382,0,0,0,0,0,0,0,0,0,0
job-34c7cf8d,1,1,0.0,0.0,0.0,0,2,0.5,38.25007282576996,121.75123733081551,0,3,1.0,0.0,0.0,0,4,2.84131,0.0,0.0,10.0,4,2.102043,0.0,0.0,50,4,2.325349,0.0,0.0,100,5,0.5,0.0,0.0,8.768,6,0.5,0.0,0.0,9689,0,0,0,0,0,0,0,0,0,0
job-9bb34650,1,1,0.0,0.0,0.0,0,2,0.5,38.243525344916435,121.75638887644081,0,3,1.0,0.0,0.0,0,4,3.21765,0.0,0.0,10.0,4,2.704543,0.0,0.0,50,4,3.948203,0.0,0.0,100,5,0.5,0.0,0.0,11.37,6,0.5,0.0,0.0,6582,0,0,0,0,0,0,0,0,0,0
job-42d3a08e,0,1,0.0,0.0,0.0,0,2,0.5,35.99484728880144,-39.53312458081419,0,3,1.0,0.0,0.0,0,5,1.435978,0.0,0.0,0.558,6,0.2,0.0,0.0,60,0,0.0,0.0,0.0,0,0,0.0,0.0,0.0,0.0,0,0.0,0.0,0.0,0,0,0,0,0,0,0,0,0,0,0
job-c26b7620,1,1,0.0,0.0,0.0,0,2,0.5,38.26737581434263,121.74478477991453,0,3,1.0,0.0,0.0,0,4,2.918467,0.0,0.0,10.0,4,3.352704,0.0,0.0,50,4,2.241365,0.0,0.0,100,5,0.5,0.0,0.0,10.012,6,0.5,0.0,0.0,6685,0,0,0,0,0,0,0,0,0,0
job-0f91d116,0,1,0.0,0.0,0.0,0,2,0.5,35.06130249752081,-42.00444843466006,0,3,1.0,0.0,0.0,0,5,0.610744,0.0,0.0,0.743,6,0.2,0.0,0.0,493,0,0.0,0.0,0.0,0,0,0.0,0.0,0.0,0.0,0,0.0,0.0,0.0,0,0,0,0,0,0,0,0,0,0,0
job-591d49ba,0,1,0.0,0.0,0.0,0,2,0.5,-10.534399395570844,160.98328099260706,0,3,1.0,0.0,0.0,0,5,1.019826,0.0,0.0,0.812,6,0.2,0.0,0.0,260,0,0.0,0.0,0.0,0,0,0.0,0.0,0.0,0.0,0,0.0,0.0,0.0,0,0,0,0,0,0,0,0,0,0,0
job-44e531ed,0,1,0.0,0.0,0.0,0,2,0.5,-5.8726500531355015,162.90111808912846,0,3,1.0,0.0,0.0,0,5,0.575019,0.0,0.0,1.0,6,0.2,0.0,0.0,471,0,0.0,0.0,0.0,0,0,0.0,0.0,0.0,0.0,0,0.0,0.0,0.0,0,0,0,0,0,0,0,0,0,0,0
job-ea4b2026,0,1,0.0,0.0,0.0,0,2,0.5,34.779591877790246,-39.95943537130535,0,3,1.0,0.0,0.0,0,5,0.729127,0.0,0.0,0.594,6,0.2,0.0,0.0,327,0,0.0,0.0,0.0,0,0,0.0,0.0,0.0,0.0,0,0.0,0.0,0.0,0,0,0,0,0,0,0,0,0,0,0
job-5db3e344,0,1,0.0,0.0,0.0,0,2,0.5,35.102344810986004,-39.64488921039389,0,3,1.0,0.0,0.0,0,5,0.544322,0.0,0.0,0.558,6,0.2,0.0,0.0,211,0,0.0,0.0,0.0,0,0,0.0,0.0,0.0,0.0,0,0.0,0.0,0.0,0,0,0,0,0,0,0,0,0,0,0
job-6b6ebb85,0,1,0.0,0.0,0.0,0,2,0.5,-31.895616825876406,69.05901622463257,0,3,1.0,0.0,0.0,0,5,1.210681,0.0,0.0,0.83,6,0.2,0.0,0.0,183,0,0.0,0.0,0.0,0,0,0.0,0.0,0.0,0.0,0,0.0,0.0,0.0,0,0,0,0,0,0,0,0,0,0,0
job-74f080a7,0,1,0.0,0.0,0.0,0,2,0.5,-31.839455509208335,67.71082985190279,0,3,1.0,0.0,0.0,0,5,1.131386,0.0,0.0,0.709,6,0.2,0.0,0.0,368,0,0.0,0.0,0.0,0,0,0.0,0.0,0.0,0.0,0,0.0,0.0,0.0,0,0,0,0,0,0,0,0,0,0,0
job-25be53b6,0,1,0.0,0.0,0.0,0,2,0.5,-28.888597131600765,68.17176184627507,0,3,1.0,0.0,0.0,0,5,1.244571,0.0,0.0,1.1,6,0.2,0.0,0.0,163,0,0.0,0.0,0.0,0,0,0.0,0.0,0.0,0.0,0,0.0,0.0,0.0,0,0,0,0,0,0,0,0,0,0,0
job-83c768a7,0,1,0.0,0.0,0.0,0,2,0.5,-29.773490236408396,69.80566554176232,0,3,1.0,0.0,0.0,0,5,1.077949,0.0,0.0,1.342,6,0.2,0.0,0.0,343,0,0.0,0.0,0.0,0,0,0.0,0.0,0.0,0.0,0,0.0,0.0,0.0,0,0,0,0,0,0,0,0,0,0,0
job-f2e5efb6,0,1,0.0,0.0,0.0,0,2,0.5,-30.138279928892675,69.12038544736296,0,3,1.0,0.0,0.0,0,5,1.253415,0.0,0.0,1.318,6,0.2,0.0,0.0,206,0,0.0,0.0,0.0,0,0,0.0,0.0,0.0,0.0,0,0.0,0.0,0.0,0,0,0,0,0,0,0,0,0,0,0
job-8ab649fd,0,1,0.0,0.0,0.0,0,2,0.5,-29.472196585953533,68.3667673472543,0,3,1.0,0.0,0.0,0,5,1.210308,0.0,0.0,0.651,6,0.2,0.0,0.0,274,0,0.0,0.0,0.0,0,0,0.0,0.0,0.0,0.0,0,0.0,0.0,0.0,0,0,0,0,0,0,0,0,0,0,0
job-1d263b57,0,1,0.0,0.0,0.0,0,2,0.5,-30.239639015549905,68.78638790890581,0,3,1.0,0.0,0.0,0,5,1.287286,0.0,0.0,1.331,6,0.2,0.0,0.0,281,0,0.0,0.0,0.0,0,0,0.0,0.0,0.0,0.0,0,0.0,0.0,0.0,0,0,0,0,0,0,0,0,0,0,0
job-ea791c71,0,1,0.0,0.0,0.0,0,2,0.5,-31.569031808819403,67.91928767619785,0,3,1.0,0.0,0.0,0,5,1.171889,0.0,0.0,0.983,6,0.2,0.0,0.0,457,0,0.0,0.0,0.0,0,0,0.0,0.0,0.0,0.0,0,0.0,0.0,0.0,0,0,0,0,0,0,0,0,0,0,0
job-cb0ed5df,0,1,0.0,0.0,0.0,0,2,0.5,-30.910160581141504,70.67025595339237,0,3,1.0,0.0,0.0,0,5,1.045417,0.0,0.0,0.501,6,0.2,0.0,0.0,78,0,0.0,0.0,0.0,0,0,0.0,0.0,0.0,0.0,0,0.0,0.0,0.0,0,0,0,0,0,0,0,0,0,0,0
job-806dba7f,0,1,0.0,0.0,0.0,0,2,0.5,-8.264486296577395,160.41877774348825,0,3,1.0,0.0,0.0,0,5,1.011237,0.0,0.0,1.215,6,0.2,0.0,0.0,57,0,0.0,0.0,0.0,0,0,0.0,0.0,0.0,0.0,0,0.0,0.0,0.0,0,0,0,0,0,0,0,0,0,0,0
job-20448bfc,0,1,0.0,0.0,0.0,0,2,0.5,-30.86553585335682,66.95329809826961,0,3,1.0,0.0,0.0,0,5,0.893779,0.0,0.0,0.625,6,0.2,0.0,0.0,226,0,0.0,0.0,0.0,0,0,0.0,0.0,0.0,0.0,0,0.0,0.0,0.0,0,0,0,0,0,0,0,0,0,0,0
job-36f40983,0,1,0.0,0.0,0.0,0,2,0.5,-6.6590360442614305,161.96774487879776,0,3,1.0,0.0,0.0,0,5,1.316155,0.0,0.0,0.868,6,0.2,0.0,0.0,14,0,0.0,0.0,0.0,0,0,0.0,0.0,0.0,0.0,0,0.0,0.0,0.0,0,0,0,0,0,0,0,0,0,0,0
job-b7fd7ddb,1,1,0.0,0.0,0.0,0,2,0.5,38.23650830915357,121.7592512990706,0,3,1.0,0.0,0.0,0,4,3.421462,0.0,0.0,10.0,4,3.190256,0.0,0.0,50,4,3.294286,0.0,0.0,100,5,0.5,0.0,0.0,11.406,6,0.5,0.0,0.0,13465,0,0,0,0,0,0,0,0,0,0
job-3e81fe99,1,1,0.0,0.0,0.0,0,2,0.5,38.27219340020025,121.75630933628581,0,3,1.0,0.0,0.0,0,4,2.181025,0.0,0.0,10.0,4,2.340956,0.0,0.0,50,4,2.175255,0.0,0.0,100,5,0.5,0.0,0.0,8.197,6,0.5,0.0,0.0,7969,0,0,0,0,0,0,0,0,0,0
job-02c968f5,0,1,0.0,0.0,0.0,0,2,0.5,-31.804703303887898,69.53916023658836,0,3,1.0,0.0,0.0,0,5,0.975252,0.0,0.0,1.241,6,0.2,0.0,0.0,261,0,0.0,0.0,0.0,0,0,0.0,0.0,0.0,0.0,0,0.0,0.0,0.0,0,0,0,0,0,0,0,0,0,0,0
job-83777733,0,1,0.0,0.0,0.0,0,2,0.5,-29.669310034222143,69.75946114778193,0,3,1.0,0.0,0.0,0,5,0.77696,0.0,0.0,0.667,6,0.2,0.0,0.0,195,0,0.0,0.0,0.0,0,0,0.0,0.0,0.0,0.0,0,0.0,0.0,0.0,0,0,0,0,0,0,0,0,0,0,0
job-e0b0e345,1,1,0.0,0.0,0.0,0,2,0.5,38.221296053707206,121.75077463129054,0,3,1.0,0.0,0.0,0,4,2.708159,0.0,0.0,10.0,4,3.406918,0.0,0.0,50,4,2.145844,0.0,0.0,100,5,0.5,0.0,0.0,9.76,6,0.5,0.0,0.0,7713,0,0,0,0,0,0,0,0,0,0
job-1f9a51bb,1,1,0.0,0.0,0.0,0,2,0.5,38.22425126140526,121.74495034372792,0,3,1.0,0.0,0.0,0,4,3.232012,0.0,0.0,10.0,4,2.983653,0.0,0.0,50,4,3.488106,0.0,0.0,100,5,0.5,0.0,0.0,11.203,6,0.5,0.0,0.0,11123,0,0,0,0,0,0,0,0,0,0
job-6f153902,0,1,0.0,0.0,0.0,0,2,0.5,-31.45390823126589,71.70120690853311,0,3,1.0,0.0,0.0,0,5,1.289342,0.0,0.0,1.019,6,0.2,0.0,0.0,262,0,0.0,0.0,0.0,0,0,0.0,0.0,0.0,0.0,0,0.0,0.0,0.0,0,0,0,0,0,0,0,0,0,0,0
job-c3966342,0,1,0.0,0.0,0.0,0,2,0.5,-29.14879582819197,67.63391944025379,0,3,1.0,0.0,0.0,0,5,0.779739,0.0,0.0,0.984,6,0.2,0.0,0.0,67,0,0.0,0.0,0.0,0,0,0.0,0.0,0.0,0.0,0,0.0,0.0,0.0,0,0,0,0,0,0,0,0,0,0,0
job-00b9a310,0,1,0.0,0.0,0.0,0,2,0.5,-31.025296086231556,69.43947402994519,0,3,1.0,0.0,0.0,0,5,1.196945,0.0,0.0,0.567,6,0.2,0.0,0.0,326,0,0.0,0.0,0.0,0,0,0.0,0.0,0.0,0.0,0,0.0,0.0,0.0,0,0,0,0,0,0,0,0,0,0,0
job-bb7289f0,0,1,0.0,0.0,0.0,0,2,0.5,32.58174657078393,-42.68746943752643,0,3,1.0,0.0,0.0,0,5,1.051336,0.0,0.0,1.444,6,0.2,0.0,0.0,215,0,0.0,0.0,0.0,0,0,0.0,0.0,0.0,0.0,0,0.0,0.0,0.0,0,0,0,0,0,0,0,0,0,0,0
job-74103a25,0,1,0.0,0.0,0.0,0,2,0.5,-7.545574347174602,163.56182263014713,0,3,1.0,0.0,0.0,0,5,1.173374,0.0,0.0,0.964,6,0.2,0.0,0.0,216,0,0.0,0.0,0.0,0,0,0.0,0.0,0.0,0.0,0,0.0,0.0,0.0,0,0,0,0,0,0,0,0,0,0,0
job-0e020f09,1,1,0.0,0.0,0.0,0,2,0.5,38.29147350656716,121.71188462198424,0,3,1.0,0.0,0.0,0,4,2.678453,0.0,0.0,10.0,4,2.818151,0.0,0.0,50,4,2.350086,0.0,0.0,100,5,0.5,0.0,0.0,9.346,6,0.5,0.0,0.0,9426,0,0,0,0,0,0,0,0,0,0
job-dbb5223a,0,1,0.0,0.0,0.0,0,2,0.5,-9.783775260633266,161.8707104900358,0,3,1.0,0.0,0.0,0,5,1.035745,0.0,0.0,1.333,6,0.2,0.0,0.0,400,0,0.0,0.0,0.0,0,0,0.0,0.0,0.0,0.0,0,0.0,0.0,0.0,0,0,0,0,0,0,0,0,0,0,0
job-e26bce35,0,1,0.0,0.0,0.0,0,2,0.5,-32.66916553369057,66.82783448995674,0,3,1.0,0.0,0.0,0,5,1.349223,0.0,0.0,0.522,6,0.2,0.0,0.0,330,0,0.0,0.0,0.0,0,0,0.0,0.0,0.0,0.0,0,0.0,0.0,0.0,0,0,0,0,0,0,0,0,0,0,0
job-aa93e858,0,1,0.0,0.0,0.0,0,2,0.5,-9.75928878376707,160.48345178230693,0,3,1.0,0.0,0.0,0,5,1.434487,0.0,0.0,0.946,6,0.2,0.0,0.0,376,0,0.0,0.0,0.0,0,0,0.0,0.0,0.0,0.0,0,0.0,0.0,0.0,0,0,0,0,0,0,0,0,0,0,0
job-a992fc04,0,1,0.0,0.0,0.0,0,2,0.5,-8.431717179350594,162.11564485444035,0,3,1.0,0.0,0.0,0,5,1.313804,0.0,0.0,1.44,6,0.2,0.0,0.0,193,0,0.0,0.0,0.0,0,0,0.0,0.0,0.0,0.0,0,0.0,0.0,0.0,0,0,0,0,0,0,0,0,0,0,0
job-0a9e9405,0,1,0.0,0.0,0.0,0,2,0.5,-31.04862245975135,68.6279562248302,0,3,1.0,0.0,0.0,0,5,0.847159,0.0,0.0,1.274,6,0.2,0.0,0.0,162,0,0.0,0.0,0.0,0,0,0.0,0.0,0.0,0.0,0,0.0,0.0,0.0,0,0,0,0,0,0,0,0,0,0,0
job-3f00e58c,0,1,0.0,0.0,0.0,0,2,0.5,-30.80197982373679,67.87297233310905,0,3,1.0,0.0,0.0,0,5,1.224791,0.0,0.0,1.229,6,0.2,0.0,0.0,56,0,0.0,0.0,0.0,0,0,0.0,0.0,0.0,0.0,0,0.0,0.0,0.0,0,0,0,0,0,0,0,0,0,0,0
job-6eb849eb,0,1,0.0,0.0,0.0,0,2,0.5,34.65580373915604,-42.39382949202242,0,3,1.0,0.0,0.0,0,5,0.669332,0.0,0.0,0.729,6,0.2,0.0,0.0,287,0,0.0,0.0,0.0,0,0,0.0,0.0,0.0,0.0,0,0.0,0.0,0.0,0,0,0,0,0,0,0,0,0,0,0
job-8e5cbe66,0,1,0.0,0.0,0.0,0,2,0.5,35.3890650883434,-39.154198520195976,0,3,1.0,0.0,0.0,0,5,1.182669,0.0,0.0,1.418,6,0.2,0.0,0.0,295,0,0.0,0.0,0.0,0,0,0.0,0.0,0.0,0.0,0,0.0,0.0,0.0,0,0,0,0,0,0,0,0,0,0,0
job-5e461de2,0,1,0.0,0.0,0.0,0,2,0.5,35.378061054377,-39.10729266089382,0,3,1.0,0.0,0.0,0,5,1.237134,0.0,0.0,1.117,6,0.2,0.0,0.0,45,0,0.0,0.0,0.0,0,0,0.0,0.0,0.0,0.0,0,0.0,0.0,0.0,0,0,0,0,0,0,0,0,0,0,0
job-1762b27a,1,1,0.0,0.0,0.0,0,2,0.5,38.294173790366386,121.7743692972351,0,3,1.0,0.0,0.0,0,4,2.941502,0.0,0.0,10.0,4,2.019404,0.0,0.0,50,4,2.93124,0.0,0.0,100,5,0.5,0.0,0.0,9.392,6,0.5,0.0,0.0,14184,0,0,0,0,0,0,0,0,0,0
job-47902206,0,1,0.0,0.0,0.0,0,2,0.5,-29.428095450166083,68.2999872761564,0,3,1.0,0.0,0.0,0,5,0.536477,0.0,0.0,1.231,6,0.2,0.0,0.0,471,0,0.0,0.0,0.0,0,0,0.0,0.0,0.0,0.0,0,0.0,0.0,0.0,0,0,0,0,0,0,0,0,0,0,0
job-7e16ce6b,0,1,0.0,0.0,0.0,0,2,0.5,-8.935206076340819,162.35924038594243,0,3,1.0,0.0,0.0,0,5,0.578464,0.0,0.0,0.611,6,0.2,0.0,0.0,14,0,0.0,0.0,0.0,0,0,0.0,0.0,0.0,0.0,0,0.0,0.0,0.0,0,0,0,0,0,0,0,0,0,0,0
job-76014e25,0,1,0.0,0.0,0.0,0,2,0.5,-29.556606336851882,69.80100551037268,0,3,1.0,0.0,0.0,0,5,0.807321,0.0,0.0,0.742,6,0.2,0.0,0.0,492,0,0.0,0.0,0.0,0,0,0.0,0.0,0.0,0.0,0,0.0,0.0,0.0,0,0,0,0,0,0,0,0,0,0,0
job-615785da,0,1,0.0,0.0,0.0,0,2,0.5,-32.27028990851908,69.52343204374245,0,3,1.0,0.0,0.0,0,5,1.43331,0.0,0.0,0.839,6,0.2,0.0,0.0,340,0,0.0,0.0,0.0,0,0,0.0,0.0,0.0,0.0,0,0.0,0.0,0.0,0,0,0,0,0,0,0,0,0,0,0
job-9e664f89,0,1,0.0,0.0,0.0,0,2,0.5,-7.114654893779022,160.5491035381699,0,3,1.0,0.0,0.0,0,5,0.847072,0.0,0.0,1.033,6,0.2,0.0,0.0,154,0,0.0,0.0,0.0,0,0,0.0,0.0,0.0,0.0,0,0.0,0.0,0.0,0,0,0,0,0,0,0,0,0,0,0
job-b43ead18,0,1,0.0,0.0,0.0,0,2,0.5,-9.594249552423495,162.83002841258462,0,3,1.0,0.0,0.0,0,5,0.792169,0.0,0.0,0.987,6,0.2,0.0,0.0,434,0,0.0,0.0,0.0,0,0,0.0,0.0,0.0,0.0,0,0.0,0.0,0.0,0,0,0,0,0,0,0,0,0,0,0
job-cbddc925,0,1,0.0,0.0,0.0,0,2,0.5,32.85657089390187,-38.903447017980334,0,3,1.0,0.0,0.0,0,5,1.132337,0.0,0.0,0.935,6,0.2,0.0,0.0,486,0,0.0,0.0,0.0,0,0,0.0,0.0,0.0,0.0,0,0.0,0.0,0.0,0,0,0,0,0,0,0,0,0,0,0
job-651bf77b,0,1,0.0,0.0,0.0,0,2,0.5,-29.208016100142245,69.37396414473044,0,3,1.0,0.0,0.0,0,5,0.726444,0.0,0.0,0.774,6,0.2,0.0,0.0,175,0,0.0,0.0,0.0,0,0,0.0,0.0,0.0,0.0,0,0.0,0.0,0.0,0,0,0,0,0,0,0,0,0,0,0
job-68b82750,0,1,0.0,0.0,0.0,0,2,0.5,-8.612317160486903,160.98148015361906,0,3,1.0,0.0,0.0,0,5,0.817056,0.0,0.0,1.158,6,0.2,0.0,0.0,327,0,0.0,0.0,0.0,0,0,0.0,0.0,0.0,0.0,0,0.0,0.0,0.0,0,0,0,0,0,0,0,0,0,0,0
job-325a4622,0,1,0.0,0.0,0.0,0,2,0.5,32.30910559530859,-41.53225224379369,0,3,1.0,0.0,0.0,0,5,0.525123,0.0,0.0,1.033,6,0.2,0.0,0.0,440,0,0.0,0.0,0.0,0,0,0.0,0.0,0.0,0.0,0,0.0,0.0,0.0,0,0,0,0,0,0,0,0,0,0,0
job-d0b96e42,0,1,0.0,0.0,0.0,0,2,0.5,-7.089499817613955,161.10163286114985,0,3,1.0,0.0,0.0,0,5,0.528383,0.0,0.0,0.744,6,0.2,0.0,0.0,260,0,0.0,0.0,0.0,0,0,0.0,0.0,0.0,0.0,0,0.0,0.0,0.0,0,0,0,0,0,0,0,0,0,0,0
job-db77ad46,0,1,0.0,0.0,0.0,0,2,0.5,-31.396225259822188,67.92284577538089,0,3,1.0,0.0,0.0,0,5,0.773979,0.0,0.0,0.949,6,0.2,0.0,0.0,441,0,0.0,0.0,0.0,0,0,0.0,0.0,0.0,0.0,0,0.0,0.0,0.0,0,0,0,0,0,0,0,0,0,0,0
job-d80f37a3,0,1,0.0,0.0,0.0,0,2,0.5,36.80686216637372,-39.53104066466682,0,3,1.0,0.0,0.0,0,5,0.71943,0.0,0.0,0.638,6,0.2,0.0,0.0,382,0,0.0,0.0,0.0,0,0,0.0,0.0,0.0,0.0,0,0.0,0.0,0.0,0,0,0,0,0,0,0,0,0,0,0
job-d045d288,0,1,0.0,0.0,0.0,0,2,0.5,-30.615297289016603,69.20875766121961,0,3,1.0,0.0,0.0,0,5,0.660495,0.0,0.0,0.533,6,0.2,0.0,0.0,304,0,0.0,0.0,0.0,0,0,0.0,0.0,0.0,0.0,0,0.0,0.0,0.0,0,0,0,0,0,0,0,0,0,0,0
job-1bd82e9e,0,1,0.0,0.0,0.0,0,2,0.5,-30.608106448738376,69.02762654406584,0,3,1.0,0.0,0.0,0,5,0.729516,0.0,0.0,1.271,6,0.2,0.0,0.0,379,0,0.0,0.0,0.0,0,0,0.0,0.0,0.0,0.0,0,0.0,0.0,0.0,0,0,0,0,0,0,0,0,0,0,0
job-886dea2c,0,1,0.0,0.0,0.0,0,2,0.5,-31.244542229862706,68.46458665161188,0,3,1.0,0.0,0.0,0,5,1.16241,0.0,0.0,0.991,6,0.2,0.0,0.0,404,0,0.0,0.0,0.0,0,0,0.0,0.0,0.0,0.0,0,0.0,0.0,0.0,0,0,0,0,0,0,0,0,0,0,0
job-ef9e481c,0,1,0.0,0.0,0.0,0,2,0.5,-29.525027202958682,70.39615000347516,0,3,1.0,0.0,0.0,0,5,0.856393,0.0,0.0,1.475,6,0.2,0.0,0.0,29,0,0.0,0.0,0.0,0,0,0.0,0.0,0.0,0.0,0,0.0,0.0,0.0,0,0,0,0,0,0,0,0,0,0,0
job-5ca35e38,0,1,0.0,0.0,0.0,0,2,0.5,-8.045999995987145,162.4918570105714,0,3,1.0,0.0,0.0,0,5,0.742932,0.0,0.0,1.302,6,0.2,0.0,0.0,287,0,0.0,0.0,0.0,0,0,0.0,0.0,0.0,0.0,0,0.0,0.0,0.0,0,0,0,0,0,0,0,0,0,0,0
job-47f71aa9,0,1,0.0,0.0,0.0,0,2,0.5,-31.931412147845755,70.7077796915387,0,3,1.0,0.0,0.0,0,5,1.258885,0.0,0.0,1.355,6,0.2,0.0,0.0,452,0,0.0,0.0,0.0,0,0,0.0,0.0,0.0,0.0,0,0.0,0.0,0.0,0,0,0,0,0,0,0,0,0,0,0
job-85c8125d,0,1,0.0,0.0,0.0,0,2,0.5,-6.46510447912435,161.7253266196788,0,3,1.0,0.0,0.0,0,5,0.601149,0.0,0.0,1.01,6,0.2,0.0,0.0,483,0,0.0,0.0,0.0,0,0,0.0,0.0,0.0,0.0,0,0.0,0.0,0.0,0,0,0,0,0,0,0,0,0,0,0
job-c62726bd,0,1,0.0,0.0,0.0,0,2,0.5,-30.53405113045722,66.6307760292593,0,3,1.0,0.0,0.0,0,5,0.765951,0.0,0.0,0.53,6,0.2,0.0,0.0,81,0,0.0,0.0,0.0,0,0,0.0,0.0,0.0,0.0,0,0.0,0.0,0.0,0,0,0,0,0,0,0,0,0,0,0
job-58069d9d,0,1,0.0,0.0,0.0,0,2,0.5,-8.17450409062514,163.98987870902607,0,3,1.0,0.0,0.0,0,5,0.789074,0.0,0.0,0.826,6,0.2,0.0,0.0,459,0,0.0,0.0,0.0,0,0,0.0,0.0,0.0,0.0,0,0.0,0.0,0.0,0,0,0,0,0,0,0,0,0,0,0
job-c6597914,1,1,0.0,0.0,0.0,0,2,0.5,38.236643071685734,121.7296409934667,0,3,1.0,0.0,0.0,0,4,3.486513,0.0,0.0,10.0,4,3.419962,0.0,0.0,50,4,2.729914,0.0,0.0,100,5,0.5,0.0,0.0,11.136,6,0.5,0.0,0.0,11211,0,0,0,0,0,0,0,0,0,0
job-6126b52d,0,1,0.0,0.0,0.0,0,2,0.5,32.1670146095508,-40.371972176355754,0,3,1.0,0.0,0.0,0,5,1.213044,0.0,0.0,1.256,6,0.2,0.0,0.0,429,0,0.0,0.0,0.0,0,0,0.0,0.0,0.0,0.0,0,0.0,0.0,0.0,0,0,0,0,0,0,0,0,0,0,0
job-df3c0c0e,0,1,0.0,0.0,0.0,0,2,0.5,35.33162966275789,-39.69616077126998,0,3,1.0,0.0,0.0,0,5,0.598921,0.0,0.0,1.4,6,0.2,0.0,0.0,266,0,0.0,0.0,0.0,0,0,0.0,0.0,0.0,0.0,0,0.0,0.0,0.0,0,0,0,0,0,0,0,0,0,0,0
job-fef4158b,0,1,0.0,0.0,0.0,0,2,0.5,-7.847360787241867,159.26551465516746,0,3,1.0,0.0,0.0,0,5,0.666621,0.0,0.0,0.69,6,0.2,0.0,0.0,22,0,0.0,0.0,0.0,0,0,0.0,0.0,0.0,0.0,0,0.0,0.0,0.0,0,0,0,0,0,0,0,0,0,0,0
job-f6c246d3,1,1,0.0,0.0,0.0,0,2,0.5,38.2811279233336,121.77366988363539,0,3,1.0,0.0,0.0,0,4,3.39625,0.0,0.0,10.0,4,3.629986,0.0,0.0,50,4,3.094517,0.0,0.0,100,5,0.5,0.0,0.0,11.62,6,0.5,0.0,0.0,18795,0,0,0,0,0,0,0,0,0,0
job-a81791b9,1,1,0.0,0.0,0.0,0,2,0.5,38.23688014172933,121.72797984279745,0,3,1.0,0.0,0.0,0,4,3.5331,0.0,0.0,10.0,4,3.71563,0.0,0.0,50,4,3.264285,0.0,0.0,100,5,0.5,0.0,0.0,12.013,6,0.5,0.0,0.0,18655,0,0,0,0,0,0,0,0,0,0
job-40b22c8b,0,1,0.0,0.0,0.0,0,2,0.5,-8.117778822193557,164.0231585115751,0,3,1.0,0.0,0.0,0,5,0.515038,0.0,0.0,0.671,6,0.2,0.0,0.0,92,0,0.0,0.0,0.0,0,0,0.0,0.0,0.0,0.0,0,0.0,0.0,0.0,0,0,0,0,0,0,0,0,0,0,0
job-248bde7d,0,1,0.0,0.0,0.0,0,2,0.5,-9.710182916382195,159.7036725161764,0,3,1.0,0.0,0.0,0,5,1.370151,0.0,0.0,0.961,6,0.2,0.0,0.0,70,0,0.0,0.0,0.0,0,0,0.0,0.0,0.0,0.0,0,0.0,0.0,0.0,0,0,0,0,0,0,0,0,0,0,0
job-bff36662,1,1,0.0,0.0,0.0,0,2,0.5,38.24374113484359,121.73675010205545,0,3,1.0,0.0,0.0,0,4,2.845173,0.0,0.0,10.0,4,3.332489,0.0,0.0,50,4,3.624863,0.0,0.0,100,5,0.5,0.0,0.0,11.302,6,0.5,0.0,0.0,13542,0,0,0,0,0,0,0,0,0,0
job-7b66b83e,0,1,0.0,0.0,0.0,0,2,0.5,32.22572569891421,-42.29889297234338,0,3,1.0,0.0,0.0,0,5,1.393584,0.0,0.0,1.441,6,0.2,0.0,0.0,202,0,0.0,0.0,0.0,0,0,0.0,0.0,0.0,0.0,0,0.0,0.0,0.0,0,0,0,0,0,0,0,0,0,0,0
job-70cf3dc5,0,1,0.0,0.0,0.0,0,2,0.5,33.63663284292024,-39.961419478587864,0,3,1.0,0.0,0.0,0,5,1.3919,0.0,0.0,0.671,6,0.2,0.0,0.0,41,0,0.0,0.0,0.0,0,0,0.0,0.0,0.0,0.0,0,0.0,0.0,0.0,0,0,0,0,0,0,0,0,0,0,0
job-71111300,0,1,0.0,0.0,0.0,0,2,0.5,-7.706805705512293,160.68423316169927,0,3,1.0,0.0,0.0,0,5,1.401269,0.0,0.0,1.022,6,0.2,0.0,0.0,427,0,0.0,0.0,0.0,0,0,0.0,0.0,0.0,0.0,0,0.0,0.0,0.0,0,0,0,0,0,0,0,0,0,0,0
job-2752dcc0,0,1,0.0,0.0,0.0,0,2,0.5,33.54747395171482,-39.564000957497036,0,3,1.0,0.0,0.0,0,5,1.432372,0.0,0.0,1.474,6,0.2,0.0,0.0,413,0,0.0,0.0,0.0,0,0,0.0,0.0,0.0,0.0,0,0.0,0.0,0.0,0,0,0,0,0,0,0,0,0,0,0
job-227acd5c,0,1,0.0,0.0,0.0,0,2,0.5,34.357857162187756,-40.62522563934951,0,3,1.0,0.0,0.0,0,5,0.789548,0.0,0.0,0.661,6,0.2,0.0,0.0,236,0,0.0,0.0,0.0,0,0,0.0,0.0,0.0,0.0,0,0.0,0.0,0.0,0,0,0,0,0,0,0,0,0,0,0
job-c4d4446b,0,1,0.0,0.0,0.0,0,2,0.5,-9.393426731573888,159.37770442126543,0,3,1.0,0.0,0.0,0,5,1.385133,0.0,0.0,1.369,6,0.2,0.0,0.0,321,0,0.0,0.0,0.0,0,0,0.0,0.0,0.0,0.0,0,0.0,0.0,0.0,0,0,0,0,0,0,0,0,0,0,0
job-05ff9f51,0,1,0.0,0.0,0.0,0,2,0.5,32.4638923453084,-39.11886481758274,0,3,1.0,0.0,0.0,0,5,0.953061,0.0,0.0,0.67,6,0.2,0.0,0.0,211,0,0.0,0.0,0.0,0,0,0.0,0.0,0.0,0.0,0,0.0,0.0,0.0,0,0,0,0,0,0,0,0,0,0,0
job-c96fca8f,0,1,0.0,0.0,0.0,0,2,0.5,-6.250803589445603,160.07722885737604,0,3,1.0,0.0,0.0,0,5,1.033327,0.0,0.0,1.249,6,0.2,0.0,0.0,279,0,0.0,0.0,0.0,0,0,0.0,0.0,0.0,0.0,0,0.0,0.0,0.0,0,0,0,0,0,0,0,0,0,0,0
job-c2ec6656,0,1,0.0,0.0,0.0,0,2,0.5,35.38166688337667,-39.07161321993708,0,3,1.0,0.0,0.0,0,5,0.642218,0.0,0.0,0.788,6,0.2,0.0,0.0,260,0,0.0,0.0,0.0,0,0,0.0,0.0,0.0,0.0,0,0.0,0.0,0.0,0,0,0,0,0,0,0,0,0,0,0
job-02e87a62,0,1,0.0,0.0,0.0,0,2,0.5,-6.89520891805314,159.10299085257256,0,3,1.0,0.0,0.0,0,5,0.879982,0.0,0.0,1.126,6,0.2,0.0,0.0,204,0,0.0,0.0,0.0,0,0,0.0,0.0,0.0,0.0,0,0.0,0.0,0.0,0,0,0,0,0,0,0,0,0,0,0
job-73f90f9b,0,1,0.0,0.0,0.0,0,2,0.5,33.47374384680704,-40.21897169120787,0,3,1.0,0.0,0.0,0,5,1.085568,0.0,0.0,0.905,6,0.2,0.0,0.0,254,0,0.0,0.0,0.0,0,0,0.0,0.0,0.0,0.0,0,0.0,0.0,0.0,0,0,0,0,0,0,0,0,0,0,0
job-de10a5cd,1,1,0.0,0.0,0.0,0,2,0.5,38.23435270349081,121.79241347198126,0,3,1.0,0.0,0.0,0,4,2.498605,0.0,0.0,10.0,4,3.406759,0.0,0.0,50,4,2.784969,0.0,0.0,100,5,0.5,0.0,0.0,10.19,6,0.5,0.0,0.0,5022,0,0,0,0,0,0,0,0,0,0
job-6ea0241c,0,1,0.0,0.0,0.0,0,2,0.5,-10.12456378473989,160.15570707050907,0,3,1.0,0.0,0.0,0,5,0.831709,0.0,0.0,0.996,6,0.2,0.0,0.0,374,0,0.0,0.0,0.0,0,0,0.0,0.0,0.0,0.0,0,0.0,0.0,0.0,0,0,0,0,0,0,0,0,0,0,0
job-4ec2d576,1,1,0.0,0.0,0.0,0,2,0.5,38.28667935440312,121.75049783780455,0,3,1.0,0.0,0.0,0,4,2.759851,0.0,0.0,10.0,4,2.129155,0.0,0.0,50,4,3.926746,0.0,0.0,100,5,0.5,0.0,0.0,10.315,6,0.5,0.0,0.0,8914,0,0,0,0,0,0,0,0,0,0
job-9e10cd39,0,1,0.0,0.0,0.0,0,2,0.5,32.748994255608736,-41.738791299850064,0,3,1.0,0.0,0.0,0,5,1.412952,0.0,0.0,1.283,6,0.2,0.0,0.0,149,0,0.0,0.0,0.0,0,0,0.0,0.0,0.0,0.0,0,0.0,0.0,0.0,0,0,0,0,0,0,0,0,0,0,0
job-e006d9c6,0,1,0.0,0.0,0.0,0,2,0.5,33.60694080421,-40.8305250369759,0,3,1.0,0.0,0.0,0,5,1.244525,0.0,0.0,1.367,6,0.2,0.0,0.0,220,0,0.0,0.0,0.0,0,0,0.0,0.0,0.0,0.0,0,0.0,0.0,0.0,0,0,0,0,0,0,0,0,0,0,0
job-bb005624,0,1,0.0,0.0,0.0,0,2,0.5,-30.525994909350906,68.23136120561621,0,3,1.0,0.0,0.0,0,5,0.607519,0.0,0.0,0.806,6,0.2,0.0,0.0,68,0,0.0,0.0,0.0,0,0,0.0,0.0,0.0,0.0,0,0.0,0.0,0.0,0,0,0,0,0,0,0,0,0,0,0
job-9be3c456,1,1,0.0,0.0,0.0,0,2,0.5,38.2648245177277,121.78218580536009,0,3,1.0,0.0,0.0,0,4,2.878267,0.0,0.0,10.0,4,3.500382,0.0,0.0,50,4,3.82004,0.0,0.0,100,5,0.5,0.0,0.0,11.698,6,0.5,0.0,0.0,18987,0,0,0,0,0,0,0,0,0,0
job-17384a2d,1,1,0.0,0.0,0.0,0,2,0.5,38.24335772929206,121.77865716594023,0,3,1.0,0.0,0.0,0,4,2.801189,0.0,0.0,10.0,4,3.974469,0.0,0.0,50,4,3.737687,0.0,0.0,100,5,0.5,0.0,0.0,12.013,6,0.5,0.0,0.0,10482,0,0,0,0,0,0,0,0,0,0
job-f58318e9,0,1,0.0,0.0,0.0,0,2,0.5,33.47471552046124,-41.07119770012716,0,3,1.0,0.0,0.0,0,5,1.153853,0.0,0.0,0.905,6,0.2,0.0,0.0,66,0,0.0,0.0,0.0,0,0,0.0,0.0,0.0,0.0,0,0.0,0.0,0.0,0,0,0,0,0,0,0,0,0,0,0
job-4e7ac69d,0,1,0.0,0.0,0.0,0,2,0.5,-8.15562717785083,161.31621061235174,0,3,1.0,0.0,0.0,0,5,1.142371,0.0,0.0,0.801,6,0.2,0.0,0.0,92,0,0.0,0.0,0.0,0,0,0.0,0.0,0.0,0.0,0,0.0,0.0,0.0,0,0,0,0,0,0,0,0,0,0,0
job-b80fdfaf,0,1,0.0,0.0,0.0,0,2,0.5,34.706559471275504,-40.69091700516992,0,3,1.0,0.0,0.0,0,5,1.378182,0.0,0.0,1.406,6,0.2,0.0,0.0,248,0,0.0,0.0,0.0,0,0,0.0,0.0,0.0,0.0,0,0.0,0.0,0.0,0,0,0,0,0,0,0,0,0,0,0
job-c01e88df,0,1,0.0,0.0,0.0,0,2,0.5,-9.744927423173195,161.1420099004249,0,3,1.0,0.0,0.0,0,5,0.907017,0.0,0.0,0.743,6,0.2,0.0,0.0,15,0,0.0,0.0,0.0,0,0,0.0,0.0,0.0,0.0,0,0.0,0.0,0.0,0,0,0,0,0,0,0,0,0,0,0
job-bb993ed2,0,1,0.0,0.0,0.0,0,2,0.5,36.049586286984336,-38.52450995727648,0,3,1.0,0.0,0.0,0,5,1.14077,0.0,0.0,1.466,6,0.2,0.0,0.0,45,0,0.0,0.0,0.0,0,0,0.0,0.0,0.0,0.0,0,0.0,0.0,0.0,0,0,0,0,0,0,0,0,0,0,0
job-adebf4b4,0,1,0.0,0.0,0.0,0,2,0.5,-9.803732572323788,161.47239623218346,0,3,1.0,0.0,0.0,0,5,1.359267,0.0,0.0,1.081,6,0.2,0.0,0.0,249,0,0.0,0.0,0.0,0,0,0.0,0.0,0.0,0.0,0,0.0,0.0,0.0,0,0,0,0,0,0,0,0,0,0,0
job-6136a1d5,0,1,0.0,0.0,0.0,0,2,0.5,-30.641870211050904,69.03721830046679,0,3,1.0,0.0,0.0,0,5,0.84226,0.0,0.0,1.365,6,0.2,0.0,0.0,35,0,0.0,0.0,0.0,0,0,0.0,0.0,0.0,0.0,0,0.0,0.0,0.0,0,0,0,0,0,0,0,0,0,0,0
job-f100170c,0,1,0.0,0.0,0.0,0,2,0.5,-9.563849038602328,161.40235956412658,0,3,1.0,0.0,0.0,0,5,1.002278,0.0,0.0,1.317,6,0.2,0.0,0.0,321,0,0.0,0.0,0.0,0,0,0.0,0.0,0.0,0.0,0,0.0,0.0,0.0,0,0,0,0,0,0,0,0,0,0,0
job-65e26c85,1,1,0.0,0.0,0.0,0,2,0.5,38.24475249184448,121.78061100681586,0,3,1.0,0.0,0.0,0,4,3.594339,0.0,0.0,10.0,4,2.804572,0.0,0.0,50,4,3.131207,0.0,0.0,100,5,0.5,0.0,0.0,11.03,6,0.5,0.0,0.0,5406,0,0,0,0,0,0,0,0,0,0
job-31fa4ed4,0,1,0.0,0.0,0.0,0,2,0.5,-31.414773897769283,70.20234787980192,0,3,1.0,0.0,0.0,0,5,1.241273,0.0,0.0,1.403,6,0.2,0.0,0.0,61,0,0.0,0.0,0.0,0,0,0.0,0.0,0.0,0.0,0,0.0,0.0,0.0,0,0,0,0,0,0,0,0,0,0,0
job-91c25ce0,0,1,0.0,0.0,0.0,0,2,0.5,-30.614103891402884,69.11072999357968,0,3,1.0,0.0,0.0,0,5,0.993748,0.0,0.0,1.121,6,0.2,0.0,0.0,182,0,0.0,0.0,0.0,0,0,0.0,0.0,0.0,0.0,0,0.0,0.0,0.0,0,0,0,0,0,0,0,0,0,0,0
job-8723453c,1,1,0.0,0.0,0.0,0,2,0.5,38.29745119325972,121.74183572645185,0,3,1.0,0.0,0.0,0,4,2.468225,0.0,0.0,10.0,4,3.581701,0.0,0.0,50,4,2.999899,0.0,0.0,100,5,0.5,0.0,0.0,10.549,6,0.5,0.0,0.0,18200,0,0,0,0,0,0,0,0,0,0
job-7290baef,0,1,0.0,0.0,0.0,0,2,0.5,-29.315301805502635,68.1097486724809,0,3,1.0,0.0,0.0,0,5,0.508599,0.0,0.0,0.579,6,0.2,0.0,0.0,67,0,0.0,0.0,0.0,0,0,0.0,0.0,0.0,0.0,0,0.0,0.0,0.0,0,0,0,0,0,0,0,0,0,0,0
job-51416b97,0,1,0.0,0.0,0.0,0,2,0.5,-30.387654819044695,68.74510582450804,0,3,1.0,0.0,0.0,0,5,0.814681,0.0,0.0,0.945,6,0.2,0.0,0.0,11,0,0.0,0.0,0.0,0,0,0.0,0.0,0.0,0.0,0,0.0,0.0,0.0,0,0,0,0,0,0,0,0,0,0,0
job-b170d239,1,1,0.0,0.0,0.0,0,2,0.5,38.25173677732553,121.75845145417179,0,3,1.0,0.0,0.0,0,4,3.503652,0.0,0.0,10.0,4,3.530725,0.0,0.0,50,4,2.704248,0.0,0.0,100,5,0.5,0.0,0.0,11.238,6,0.5,0.0,0.0,19153,0,0,0,0,0,0,0,0,0,0
job-60550537,0,1,0.0,0.0,0.0,0,2,0.5,33.258551692900575,-39.903122420871,0,3,1.0,0.0,0.0,0,5,1.047049,0.0,0.0,0.579,6,0.2,0.0,0.0,232,0,0.0,0.0,0.0,0,0,0.0,0.0,0.0,0.0,0,0.0,0.0,0.0,0,0,0,0,0,0,0,0,0,0,0
job-8723bc48,1,1,0.0,0.0,0.0,0,2,0.5,38.27793310249851,121.77322502858831,0,3,1.0,0.0,0.0,0,4,2.103483,0.0,0.0,10.0,4,3.603641,0.0,0.0,50,4,2.219929,0.0,0.0,100,5,0.5,0.0,0.0,9.427,6,0.5,0.0,0.0,18337,0,0,0,0,0,0,0,0,0,0
job-5dc541e1,0,1,0.0,0.0,0.0,0,2,0.5,35.48223017752348,-40.92915541171355,0,3,1.0,0.0,0.0,0,5,1.308624,0.0,0.0,1.316,6,0.2,0.0,0.0,71,0,0.0,0.0,0.0,0,0,0.0,0.0,0.0,0.0,0,0.0,0.0,0.0,0,0,0,0,0,0,0,0,0,0,0
job-a96d5667,1,1,0.0,0.0,0.0,0,2,0.5,38.26426985665675,121.77236418462621,0,3,1.0,0.0,0.0,0,4,3.264007,0.0,0.0,10.0,4,3.897392,0.0,0.0,50,4,2.819089,0.0,0.0,100,5,0.5,0.0,0.0,11.48,6,0.5,0.0,0.0,16988,0,0,0,0,0,0,0,0,0,0
job-817819f2,0,1,0.0,0.0,0.0,0,2,0.5,-7.707089961242173,161.05583991344082,0,3,1.0,0.0,0.0,0,5,0.549259,0.0,0.0,1.022,6,0.2,0.0,0.0,409,0,0.0,0.0,0.0,0,0,0.0,0.0,0.0,0.0,0,0.0,0.0,0.0,0,0,0,0,0,0,0,0,0,0,0
job-4fe3fb99,0,1,0.0,0.0,0.0,0,2,0.5,-10.588898024798242,164.075318989256,0,3,1.0,0.0,0.0,0,5,1.361453,0.0,0.0,0.836,6,0.2,0.0,0.0,215,0,0.0,0.0,0.0,0,0,0.0,0.0,0.0,0.0,0,0.0,0.0,0.0,0,0,0,0,0,0,0,0,0,0,0
job-e407875a,0,1,0.0,0.0,0.0,0,2,0.5,-7.46512782976586,163.94682718815739,0,3,1.0,0.0,0.0,0,5,0.84569,0.0,0.0,1.249,6,0.2,0.0,0.0,334,0,0.0,0.0,0.0,0,0,0.0,0.0,0.0,0.0,0,0.0,0.0,0.0,0,0,0,0,0,0,0,0,0,0,0
job-10387ff6,0,1,0.0,0.0,0.0,0,2,0.5,33.76664853784004,-39.502680700163666,0,3,1.0,0.0,0.0,0,5,0.567166,0.0,0.0,0.928,6,0.2,0.0,0.0,388,0,0.0,0.0,0.0,0,0,0.0,0.0,0.0,0.0,0,0.0,0.0,0.0,0,0,0,0,0,0,0,0,0,0,0
job-2f66ec29,0,1,0.0,0.0,0.0,0,2,0.5,-7.185064224414848,160.4973071881064,0,3,1.0,0.0,0.0,0,5,1.163058,0.0,0.0,1.351,6,0.2,0.0,0.0,35,0,0.0,0.0,0.0,0,0,0.0,0.0,0.0,0.0,0,0.0,0.0,0.0,0,0,0,0,0,0,0,0,0,0,0
job-70c70153,0,1,0.0,0.0,0.0,0,2,0.5,35.54865007097557,-41.099243543715424,0,3,1.0,0.0,0.0,0,5,1.299695,0.0,0.0,0.841,6,0.2,0.0,0.0,275,0,0.0,0.0,0.0,0,0,0.0,0.0,0.0,0.0,0,0.0,0.0,0.0,0,0,0,0,0,0,0,0,0,0,0
job-efb4b51b,0,1,0.0,0.0,0.0,0,2,0.5,-30.41120572210979,67.85368670089422,0,3,1.0,0.0,0.0,0,5,1.24646,0.0,0.0,0.777,6,0.2,0.0,0.0,235,0,0.0,0.0,0.0,0,0,0.0,0.0,0.0,0.0,0,0.0,0.0,0.0,0,0,0,0,0,0,0,0,0,0,0
job-27eb6c9d,0,1,0.0,0.0,0.0,0,2,0.5,34.587605440808666,-40.26015750065571,0,3,1.0,0.0,0.0,0,5,0.834262,0.0,0.0,1.285,6,0.2,0.0,0.0,143,0,0.0,0.0,0.0,0,0,0.0,0.0,0.0,0.0,0,0.0,0.0,0.0,0,0,0,0,0,0,0,0,0,0,0
job-9e64ffbd,0,1,0.0,0.0,0.0,0,2,0.5,-32.2085037986338,68.85978963794214,0,3,1.0,0.0,0.0,0,5,1.267325,0.0,0.0,1.325,6,0.2,0.0,0.0,142,0,0.0,0.0,0.0,0,0,0.0,0.0,0.0,0.0,0,0.0,0.0,0.0,0,0,0,0,0,0,0,0,0,0,0
job-18595640,1,1,0.0,0.0,0.0,0,2,0.5,38.24081892295253,121.759235295774,0,3,1.0,0.0,0.0,0,4,2.24538,0.0,0.0,10.0,4,2.442059,0.0,0.0,50,4,2.349699,0.0,0.0,100,5,0.5,0.0,0.0,8.537,6,0.5,0.0,0.0,8358,0,0,0,0,0,0,0,0,0,0
job-39b162f0,1,1,0.0,0.0,0.0,0,2,0.5,38.276187202239555,121.74168234078924,0,3,1.0,0.0,0.0,0,4,2.6953,0.0,0.0,10.0,4,2.075295,0.0,0.0,50,4,3.975441,0.0,0.0,100,5,0.5,0.0,0.0,10.246,6,0.5,0.0,0.0,8226,0,0,0,0,0,0,0,0,0,0
job-46eee331,0,1,0.0,0.0,0.0,0,2,0.5,-32.58265104185544,67.89662536393537,0,3,1.0,0.0,0.0,0,5,1.122091,0.0,0.0,0.646,6,0.2,0.0,0.0,238,0,0.0,0.0,0.0,0,0,0.0,0.0,0.0,0.0,0,0.0,0.0,0.0,0,0,0,0,0,0,0,0,0,0,0
job-7de4b369,1,1,0.0,0.0,0.0,0,2,0.5,38.25981544963655,121.77294144370666,0,3,1.0,0.0,0.0,0,4,3.946516,0.0,0.0,10.0,4,2.205465,0.0,0.0,50,4,3.817564,0.0,0.0,100,5,0.5,0.0,0.0,11.469,6,0.5,0.0,0.0,7264,0,0,0,0,0,0,0,0,0,0
job-420f0cdc,0,1,0.0,0.0,0.0,0,2,0.5,-8.539344640538662,161.27658662285378,0,3,1.0,0.0,0.0,0,5,0.590042,0.0,0.0,0.522,6,0.2,0.0,0.0,50,0,0.0,0.0,0.0,0,0,0.0,0.0,0.0,0.0,0,0.0,0.0,0.0,0,0,0,0,0,0,0,0,0,0,0
job-5aee0515,0,1,0.0,0.0,0.0,0,2,0.5,-9.755326108506265,160.36405579724715,0,3,1.0,0.0,0.0,0,5,1.266256,0.0,0.0,1.068,6,0.2,0.0,0.0,26,0,0.0,0.0,0.0,0,0,0.0,0.0,0.0,0.0,0,0.0,0.0,0.0,0,0,0,0,0,0,0,0,0,0,0
job-d9fc283b,1,1,0.0,0.0,0.0,0,2,0.5,38.276233768025236,121.7317298801164,0,3,1.0,0.0,0.0,0,4,2.719301,0.0,0.0,10.0,4,2.953991,0.0,0.0,50,4,2.4202,0.0,0.0,100,5,0.5,0.0,0.0,9.593,6,0.5,0.0,0.0,15435,0,0,0,0,0,0,0,0,0,0
job-3a406daf,0,1,0.0,0.0,0.0,0,2,0.5,-29.38652067096875,69.72042300962426,0,3,1.0,0.0,0.0,0,5,1.20073,0.0,0.0,0.649,6,0.2,0.0,0.0,252,0,0.0,0.0,0.0,0,0,0.0,0.0,0.0,0.0,0,0.0,0.0,0.0,0,0,0,0,0,0,0,0,0,0,0
job-887c3933,0,1,0.0,0.0,0.0,0,2,0.5,-28.88772218780664,66.6564933612452,0,3,1.0,0.0,0.0,0,5,0.71101,0.0,0.0,1.224,6,0.2,0.0,0.0,120,0,0.0,0.0,0.0,0,0,0.0,0.0,0.0,0.0,0,0.0,0.0,0.0,0,0,0,0,0,0,0,0,0,0,0
job-c5b4586b,1,1,0.0,0.0,0.0,0,2,0.5,38.229186524630904,121.78077812618884,0,3,1.0,0.0,0.0,0,4,3.068153,0.0,0.0,10.0,4,2.234389,0.0,0.0,50,4,2.621502,0.0,0.0,100,5,0.5,0.0,0.0,9.424,6,0.5,0.0,0.0,7914,0,0,0,0,0,0,0,0,0,0
job-b772bef5,1,1,0.0,0.0,0.0,0,2,0.5,38.223920033047605,121.75510878685563,0,3,1.0,0.0,0.0,0,4,2.246515,0.0,0.0,10.0,4,2.266103,0.0,0.0,50,4,2.477084,0.0,0.0,100,5,0.5,0.0,0.0,8.489,6,0.5,0.0,0.0,5305,0,0,0,0,0,0,0,0,0,0
job-cb43714c,1,1,0.0,0.0,0.0,0,2,0.5,38.23730965837189,121.72190773469455,0,3,1.0,0.0,0.0,0,4,2.817623,0.0,0.0,10.0,4,2.694302,0.0,0.0,50,4,3.016537,0.0,0.0,100,5,0.5,0.0,0.0,10.028,6,0.5,0.0,0.0,16172,0,0,0,0,0,0,0,0,0,0
job-c615dd46,0,1,0.0,0.0,0.0,0,2,0.5,-9.099417945286621,161.96593604758067,0,3,1.0,0.0,0.0,0,5,0.948352,0.0,0.0,0.896,6,0.2,0.0,0.0,207,0,0.0,0.0,0.0,0,0,0.0,0.0,0.0,0.0,0,0.0,0.0,0.0,0,0,0,0,0,0,0,0,0,0,0
job-62f85093,1,1,0.0,0.0,0.0,0,2,0.5,38.267787091538295,121.71874419297292,0,3,1.0,0.0,0.0,0,4,2.974528,0.0,0.0,10.0,4,2.533793,0.0,0.0,50,4,2.513701,0.0,0.0,100,5,0.5,0.0,0.0,9.522,6,0.5,0.0,0.0,16226,0,0,0,0,0,0,0,0,0,0
job-5ae172a7,0,1,0.0,0.0,0.0,0,2,0.5,-29.16659103711317,69.79603666731887,0,3,1.0,0.0,0.0,0,5,0.997853,0.0,0.0,1.428,6,0.2,0.0,0.0,313,0,0.0,0.0,0.0,0,0,0.0,0.0,0.0,0.0,0,0.0,0.0,0.0,0,0,0,0,0,0,0,0,0,0,0
job-9434b257,0,1,0.0,0.0,0.0,0,2,0.5,-29.614538546001803,69.58332368970457,0,3,1.0,0.0,0.0,0,5,0.545012,0.0,0.0,0.731,6,0.2,0.0,0.0,16,0,0.0,0.0,0.0,0,0,0.0,0.0,0.0,0.0,0,0.0,0.0,0.0,0,0,0,0,0,0,0,0,0,0,0
job-2345758f,0,1,0.0,0.0,0.0,0,2,0.5,31.751440997515125,-41.68129308094795,0,3,1.0,0.0,0.0,0,5,1.104588,0.0,0.0,0.563,6,0.2,0.0,0.0,192,0,0.0,0.0,0.0,0,0,0.0,0.0,0.0,0.0,0,0.0,0.0,0.0,0,0,0,0,0,0,0,0,0,0,0
job-c5dfb630,0,1,0.0,0.0,0.0,0,2,0.5,-31.140845051746204,71.711399882568,0,3,1.0,0.0,0.0,0,5,0.854752,0.0,0.0,0.89,6,0.2,0.0,0.0,394,0,0.0,0.0,0.0,0,0,0.0,0.0,0.0,0.0,0,0.0,0.0,0.0,0,0,0,0,0,0,0,0,0,0,0
job-9465d347,1,1,0.0,0.0,0.0,0,2,0.5,38.222922059131065,121.74528018341701,0,3,1.0,0.0,0.0,0,4,2.807052,0.0,0.0,10.0,4,2.563048,0.0,0.0,50,4,3.229161,0.0,0.0,100,5,0.5,0.0,0.0,10.099,6,0.5,0.0,0.0,18821,0,0,0,0,0,0,0,0,0,0
job-8f6e7eb9,0,1,0.0,0.0,0.0,0,2,0.5,-7.170286186456369,160.0799730052649,0,3,1.0,0.0,0.0,0,5,0.579992,0.0,0.0,1.372,6,0.2,0.0,0.0,188,0,0.0,0.0,0.0,0,0,0.0,0.0,0.0,0.0,0,0.0,0.0,0.0,0,0,0,0,0,0,0,0,0,0,0
job-3730b0fa,0,1,0.0,0.0,0.0,0,2,0.5,-29.167134886607425,71.12633718636674,0,3,1.0,0.0,0.0,0,5,0.675131,0.0,0.0,1.114,6,0.2,0.0,0.0,15,0,0.0,0.0,0.0,0,0,0.0,0.0,0.0,0.0,0,0.0,0.0,0.0,0,0,0,0,0,0,0,0,0,0,0
job-be8f47a7,0,1,0.0,0.0,0.0,0,2,0.5,-8.909047318640411,162.053270992727,0,3,1.0,0.0,0.0,0,5,1.072634,0.0,0.0,1.312,6,0.2,0.0,0.0,149,0,0.0,0.0,0.0,0,0,0.0,0.0,0.0,0.0,0,0.0,0.0,0.0,0,0,0,0,0,0,0,0,0,0,0
job-562d233f,0,1,0.0,0.0,0.0,0,2,0.5,-10.18344664750895,160.52299013072957,0,3,1.0,0.0,0.0,0,5,0.607795,0.0,0.0,0.801,6,0.2,0.0,0.0,125,0,0.0,0.0,0.0,0,0,0.0,0.0,0.0,0.0,0,0.0,0.0,0.0,0,0,0,0,0,0,0,0,0,0,0
job-71f48808,1,1,0.0,0.0,0.0,0,2,0.5,38.22384245901188,121.7686728704689,0,3,1.0,0.0,0.0,0,4,3.876569,0.0,0.0,10.0,4,3.673,0.0,0.0,50,4,2.206055,0.0,0.0,100,5,0.5,0.0,0.0,11.255,6,0.5,0.0,0.0,17063,0,0,0,0,0,0,0,0,0,0
job-87bc9f10,1,1,0.0,0.0,0.0,0,2,0.5,38.24235936223574,121.77843556454404,0,3,1.0,0.0,0.0,0,4,2.987043,0.0,0.0,10.0,4,2.223045,0.0,0.0,50,4,2.424579,0.0,0.0,100,5,0.5,0.0,0.0,9.134,6,0.5,0.0,0.0,12120,0,0,0,0,0,0,0,0,0,0
job-b2a23e25,0,1,0.0,0.0,0.0,0,2,0.5,-9.204737443394954,162.67695579533597,0,3,1.0,0.0,0.0,0,5,1.040966,0.0,0.0,1.349,6,0.2,0.0,0.0,221,0,0.0,0.0,0.0,0,0,0.0,0.0,0.0,0.0,0,0.0,0.0,0.0,0,0,0,0,0,0,0,0,0,0,0
job-de9b9e47,0,1,0.0,0.0,0.0,0,2,0.5,33.80900002381142,-40.996744353164885,0,3,1.0,0.0,0.0,0,5,1.069773,0.0,0.0,0.657,6,0.2,0.0,0.0,91,0,0.0,0.0,0.0,0,0,0.0,0.0,0.0,0.0,0,0.0,0.0,0.0,0,0,0,0,0,0,0,0,0,0,0
job-ff3e006f,0,1,0.0,0.0,0.0,0,2,0.5,-8.891492136124578,163.2140383057933,0,3,1.0,0.0,0.0,0,5,1.347989,0.0,0.0,1.445,6,0.2,0.0,0.0,174,0,0.0,0.0,0.0,0,0,0.0,0.0,0.0,0.0,0,0.0,0.0,0.0,0,0,0,0,0,0,0,0,0,0,0
job-dcf03e47,0,1,0.0,0.0,0.0,0,2,0.5,-6.653918396926873,162.01718120535622,0,3,1.0,0.0,0.0,0,5,1.264431,0.0,0.0,1.143,6,0.2,0.0,0.0,262,0,0.0,0.0,0.0,0,0,0.0,0.0,0.0,0.0,0,0.0,0.0,0.0,0,0,0,0,0,0,0,0,0,0,0
job-f041c18f,1,1,0.0,0.0,0.0,0,2,0.5,38.27784453765375,121.71382457705764,0,3,1.0,0.0,0.0,0,4,2.58708,0.0,0.0,10.0,4,3.218691,0.0,0.0,50,4,3.445012,0.0,0.0,100,5,0.5,0.0,0.0,10.75,6,0.5,0.0,0.0,5746,0,0,0,0,0,0,0,0,0,0
job-7f48a926,0,1,0.0,0.0,0.0,0,2,0.5,-32.40179478011671,69.22858465200554,0,3,1.0,0.0,0.0,0,5,0.941277,0.0,0.0,1.355,6,0.2,0.0,0.0,21,0,0.0,0.0,0.0,0,0,0.0,0.0,0.0,0.0,0,0.0,0.0,0.0,0,0,0,0,0,0,0,0,0,0,0
job-52b1efc6,0,1,0.0,0.0,0.0,0,2,0.5,-7.932827515041832,163.4745586941261,0,3,1.0,0.0,0.0,0,5,0.999259,0.0,0.0,1.39,6,0.2,0.0,0.0,330,0,0.0,0.0,0.0,0,0,0.0,0.0,0.0,0.0,0,0.0,0.0,0.0,0,0,0,0,0,0,0,0,0,0,0
job-c37257cc,0,1,0.0,0.0,0.0,0,2,0.5,32.54298174589961,-39.44608152906807,0,3,1.0,0.0,0.0,0,5,0.538475,0.0,0.0,1.491,6,0.2,0.0,0.0,414,0,0.0,0.0,0.0,0,0,0.0,0.0,0.0,0.0,0,0.0,0.0,0.0,0,0,0,0,0,0,0,0,0,0,0
job-355702ad,1,1,0.0,0.0,0.0,0,2,0.5,38.261314863695254,121.72581175904634,0,3,1.0,0.0,0.0,0,4,3.7954,0.0,0.0,10.0,4,3.623279,0.0,0.0,50,4,3.262498,0.0,0.0,100,5,0.5,0.0,0.0,12.181,6,0.5,0.0,0.0,10006,0,0,0,0,0,0,0,0,0,0
job-604e3f4d,0,1,0.0,0.0,0.0,0,2,0.5,-9.03315430625523,163.0081620954782,0,3,1.0,0.0,0.0,0,5,1.086394,0.0,0.0,0.819,6,0.2,0.0,0.0,431,0,0.0,0.0,0.0,0,0,0.0,0.0,0.0,0.0,0,0.0,0.0,0.0,0,0,0,0,0,0,0,0,0,0,0
job-ced6670c,1,1,0.0,0.0,0.0,0,2,0.5,38.2615736040313,121.74801686244342,0,3,1.0,0.0,0.0,0,4,3.998935,0.0,0.0,10.0,4,3.671328,0.0,0.0,50,4,2.49736,0.0,0.0,100,5,0.5,0.0,0.0,11.667,6,0.5,0.0,0.0,14440,0,0,0,0,0,0,0,0,0,0
job-8c263022,0,1,0.0,0.0,0.0,0,2,0.5,-30.709086690189388,68.29138692094288,0,3,1.0,0.0,0.0,0,5,0.595783,0.0,0.0,0.731,6,0.2,0.0,0.0,124,0,0.0,0.0,0.0,0,0,0.0,0.0,0.0,0.0,0,0.0,0.0,0.0,0,0,0,0,0,0,0,0,0,0,0
job-0dbad5f7,1,1,0.0,0.0,0.0,0,2,0.5,38.23869294255417,121.72887996247684,0,3,1.0,0.0,0.0,0,4,2.442222,0.0,0.0,10.0,4,2.436085,0.0,0.0,50,4,3.392881,0.0,0.0,100,5,0.5,0.0,0.0,9.771,6,0.5,0.0,0.0,5680,0,0,0,0,0,0,0,0,0,0
job-4a7f9158,0,1,0.0,0.0,0.0,0,2,0.5,-8.475377767671525,161.69279878608398,0,3,1.0,0.0,0.0,0,5,1.308382,0.0,0.0,1.311,6,0.2,0.0,0.0,123,0,0.0,0.0,0.0,0,0,0.0,0.0,0.0,0.0,0,0.0,0.0,0.0,0,0,0,0,0,0,0,0,0,0,0
job-dc872352,1,1,0.0,0.0,0.0,0,2,0.5,38.26988026581296,121.74760028552969,0,3,1.0,0.0,0.0,0,4,3.895292,0.0,0.0,10.0,4,2.904935,0.0,0.0,50,4,3.926622,0.0,0.0,100,5,0.5,0.0,0.0,12.226,6,0.5,0.0,0.0,16660,0,0,0,0,0,0,0,0,0,0
job-9bda3b4d,0,1,0.0,0.0,0.0,0,2,0.5,-28.984178915591873,68.2000624420379,0,3,1.0,0.0,0.0,0,5,1.199755,0.0,0.0,0.555,6,0.2,0.0,0.0,350,0,0.0,0.0,0.0,0,0,0.0,0.0,0.0,0.0,0,0.0,0.0,0.0,0,0,0,0,0,0,0,0,0,0,0
job-d3f21d18,0,1,0.0,0.0,0.0,0,2,0.5,35.149005356201855,-39.02777391626443,0,3,1.0,0.0,0.0,0,5,1.113134,0.0,0.0,1.369,6,0.2,0.0,0.0,212,0,0.0,0.0,0.0,0,0,0.0,0.0,0.0,0.0,0,0.0,0.0,0.0,0,0,0,0,0,0,0,0,0,0,0
job-b60d158f,0,1,0.0,0.0,0.0,0,2,0.5,35.12716882594071,-42.39029872405587,0,3,1.0,0.0,0.0,0,5,0.775241,0.0,0.0,1.126,6,0.2,0.0,0.0,207,0,0.0,0.0,0.0,0,0,0.0,0.0,0.0,0.0,0,0.0,0.0,0.0,0,0,0,0,0,0,0,0,0,0,0
job-0a1385c3,1,1,0.0,0.0,0.0,0,2,0.5,38.21907547974796,121.79454005229118,0,3,1.0,0.0,0.0,0,4,2.893294,0.0,0.0,10.0,4,2.291287,0.0,0.0,50,4,2.798116,0.0,0.0,100,5,0.5,0.0,0.0,9.482,6,0.5,0.0,0.0,12438,0,0,0,0,0,0,0,0,0,0
job-5931bff2,0,1,0.0,0.0,0.0,0,2,0.5,-8.525859268564085,162.2291259598181,0,3,1.0,0.0,0.0,0,5,1.259594,0.0,0.0,1.042,6,0.2,0.0,0.0,198,0,0.0,0.0,0.0,0,0,0.0,0.0,0.0,0.0,0,0.0,0.0,0.0,0,0,0,0,0,0,0,0,0,0,0
job-e895eaa5,0,1,0.0,0.0,0.0,0,2,0.5,32.211556335985065,-40.122852372383754,0,3,1.0,0.0,0.0,0,5,0.739654,0.0,0.0,0.581,6,0.2,0.0,0.0,382,0,0.0,0.0,0.0,0,0,0.0,0.0,0.0,0.0,0,0.0,0.0,0.0,0,0,0,0,0,0,0,0,0,0,0
job-6ad704e9,0,1,0.0,0.0,0.0,0,2,0.5,-8.738443715642777,162.72846905536457,0,3,1.0,0.0,0.0,0,5,1.134415,0.0,0.0,0.89,6,0.2,0.0,0.0,63,0,0.0,0.0,0.0,0,0,0.0,0.0,0.0,0.0,0,0.0,0.0,0.0,0,0,0,0,0,0,0,0,0,0,0
job-f1354dbe,0,1,0.0,0.0,0.0,0,2,0.5,32.987535369619636,-42.85909799136783,0,3,1.0,0.0,0.0,0,5,1.497133,0.0,0.0,1.204,6,0.2,0.0,0.0,286,0,0.0,0.0,0.0,0,0,0.0,0.0,0.0,0.0,0,0.0,0.0,0.0,0,0,0,0,0,0,0,0,0,0,0
job-9c1a2a3d,1,1,0.0,0.0,0.0,0,2,0.5,38.27928020955883,121.72422692360928,0,3,1.0,0.0,0.0,0,4,2.337767,0.0,0.0,10.0,4,2.393892,0.0,0.0,50,4,3.688809,0.0,0.0,100,5,0.5,0.0,0.0,9.92,6,0.5,0.0,0.0,18104,0,0,0,0,0,0,0,0,0,0
