,anonymized_vessel_id,timestamp,latitude,longitude,speed
0,anonymized_d4c7,2023-09-09 08:00:00,30.370448441046126,123.59198590795293,11.738404500339024
1,anonymized_d4c7,2023-09-09 09:00:00,30.654096942926433,123.29436605918214,11.94166028049483
2,anonymized_d4c7,2023-09-09 10:00:00,30.571609280004424,123.17007521585805,8.993322700388088
3,anonymized_d4c7,2023-09-09 11:00:00,30.008371575381293,123.75336654099178,11.699469908484925
4,anonymized_d4c7,2023-09-09 12:00:00,30.90847541204806,123.80748617152697,11.404685518305541
5,anonymized_d4c7,2023-09-09 13:00:00,30.368894123919258,123.42234955021075,11.03459172352067
6,anonymized_d4c7,2023-09-09 14:00:00,30.040998002717146,123.34606394417402,8.357887092905539
7,anonymized_d4c7,2023-09-09 15:00:00,30.046946025629115,123.88159323204653,11.205587363717894
8,anonymized_d4c7,2023-09-09 16:00:00,30.608998059071407,123.77639013280137,10.459618331088642
9,anonymized_d4c7,2023-09-09 17:00:00,30.87179892885473,123.89996509125791,8.140997992624484
10,anonymized_d4c7,2023-09-09 18:00:00,30.231249076630068,123.5637440283529,8.824113701006903
11,anonymized_d4c7,2023-09-09 19:00:00,30.226302797433135,123.88797428407402,10.145034918640699
12,anonymized_d4c7,2023-09-09 20:00:00,30.016503032093386,123.49506091203318,10.073968519612214
13,anonymized_d4c7,2023-09-09 21:00:00,30.522504965935095,123.05569862149694,11.509754890515381
14,anonymized_d4c7,2023-09-09 22:00:00,30.70188708471565,123.79830711763192,11.187067866691946
15,anonymized_d4c7,2023-09-09 23:00:00,30.905085741559088,123.82391061377982,11.411406810375327
16,anonymized_d4c7,2023-09-10 00:00:00,30.35912035278172,123.16275601701861,11.547399438096722
17,anonymized_d4c7,2023-09-10 01:00:00,30.635814765337162,123.52422710500069,9.13002407178569
18,anonymized_d4c7,2023-09-10 02:00:00,30.24307109474949,123.69870956020274,8.74767367026973
19,anonymized_d4c7,2023-09-10 03:00:00,30.078229730042594,123.95438214613819,10.947963249320779
20,anonymized_d4c7,2023-09-10 04:00:00,30.25727260966159,123.29703443630372,8.49086865061774
21,anonymized_d4c7,2023-09-10 05:00:00,30.26346116582583,123.373389350905,10.038760970021572
22,anonymized_d4c7,2023-09-10 06:00:00,30.96716993563568,123.83669651592075,10.574243730919184
23,anonymized_d4c7,2023-09-10 07:00:00,30.44213489329741,123.70470458476969,8.329789776398176
24,anonymized_d4c7,2023-09-10 08:00:00,30.024724569664833,123.80172697901799,11.464824487458205
25,anonymized_d4c7,2023-09-10 09:00:00,30.319018894178164,123.73182937647,11.441613013511281
26,anonymized_d4c7,2023-09-10 10:00:00,30.638076190850345,123.48894202233919,8.811478934405937
27,anonymized_d4c7,2023-09-10 11:00:00,30.006018000916505,123.41948360802198,11.330549435614792
28,anonymized_d4c7,2023-09-10 12:00:00,30.679398174264282,123.00546426903645,8.740132299173753
29,anonymized_d4c7,2023-09-10 13:00:00,30.103008200776372,123.28755961356906,11.247620370277142
30,anonymized_d4c7,2023-09-10 14:00:00,30.393412699709625,123.576905955035,11.38165119244287
31,anonymized_d4c7,2023-09-10 15:00:00,30.112227077912195,123.80369556828506,11.284037462831876
32,anonymized_d4c7,2023-09-10 16:00:00,30.64232436069384,123.08903002303609,8.415397053521197
33,anonymized_d4c7,2023-09-10 17:00:00,30.661732260590096,123.93443752896174,9.727798472014042
34,anonymized_d4c7,2023-09-10 18:00:00,30.07168381747233,123.6566601962454,8.349175496540127
35,anonymized_d4c7,2023-09-10 19:00:00,30.2324307737872,123.8266583358839,9.35878461385224
36,anonymized_d4c7,2023-09-10 20:00:00,30.044273944581924,123.93845587935799,10.278396387776093
37,anonymized_d4c7,2023-09-10 21:00:00,30.957188576813362,123.85417539051856,8.117807789224106
38,anonymized_d4c7,2023-09-10 22:00:00,30.92158090358325,123.69213441161747,11.758570743304173
39,anonymized_d4c7,2023-09-10 23:00:00,30.956718908481847,123.57339416966944,8.543587795461951
40,anonymized_d4c7,2023-09-11 00:00:00,30.56895118420869,123.82648854309028,11.379375158940915
41,anonymized_d4c7,2023-09-11 01:00:00,30.556742173886825,123.15452000289378,1.719038839589154
42,anonymized_d4c7,2023-09-11 02:00:00,30.786726665960234,123.9269528632005,3.488791832182229
43,anonymized_d4c7,2023-09-11 03:00:00,30.082442968355657,123.58946587738728,2.538066997929253
44,anonymized_d4c7,2023-09-11 04:00:00,30.82566163711397,123.36599617260454,2.0336050363889453
45,anonymized_d4c7,2023-09-11 05:00:00,30.716474746198653,123.10108236896461,2.742840701476833
46,anonymized_d4c7,2023-09-11 06:00:00,30.626089822169188,123.769138403694,3.7326122391735383
47,anonymized_d4c7,2023-09-11 07:00:00,30.48840003502511,123.57539618237125,2.474464687888483
48,anonymized_d4c7,2023-09-11 08:00:00,30.250298135286247,123.03743815350151,3.1764935789259
49,anonymized_d4c7,2023-09-11 09:00:00,30.707308325495653,123.3257126044173,2.7354258443835984
50,anonymized_d4c7,2023-09-11 10:00:00,30.036688855514967,123.12930043509881,2.090990644352119
51,anonymized_d4c7,2023-09-11 11:00:00,30.214678470966096,123.24852667897457,3.2153315276387406
52,anonymized_d4c7,2023-09-11 12:00:00,30.992575757070572,123.227577572526,3.1485891309375713
53,anonymized_d4c7,2023-09-11 13:00:00,30.97379395446255,123.15788117546583,1.6370484977166333
54,anonymized_d4c7,2023-09-11 14:00:00,30.643460835622214,123.1330000023725,1.9486057105734853
55,anonymized_d4c7,2023-09-11 15:00:00,30.602145212606427,123.36414028604715,3.1018858582436
56,anonymized_d4c7,2023-09-11 16:00:00,30.844764920432038,123.39889716692578,2.8861536800982095
57,anonymized_d4c7,2023-09-11 17:00:00,30.104924162678795,123.4181015342528,1.9270560375211552
58,anonymized_d4c7,2023-09-11 18:00:00,30.68237025645495,123.75199265453739,3.635758570741355
59,anonymized_d4c7,2023-09-11 19:00:00,30.615370133007414,123.4958201124482,1.7075730400941018
60,anonymized_d4c7,2023-09-11 20:00:00,30.343465479556933,123.72514153797938,3.698508539749634
61,anonymized_d4c7,2023-09-11 21:00:00,30.79684203938413,123.31143878606021,1.508670423067744
62,anonymized_d4c7,2023-09-11 22:00:00,30.691447493783045,123.63965246572779,2.9320502416250074
63,anonymized_d4c7,2023-09-11 23:00:00,30.990331322843016,123.39946401893303,2.748788227737525
64,anonymized_d4c7,2023-09-12 00:00:00,30.988496031130477,123.47594368992183,1.6213182222599736
65,anonymized_d4c7,2023-09-12 01:00:00,30.082672166709735,123.47300218599462,2.1379080812838516
66,anonymized_d4c7,2023-09-12 02:00:00,30.31258753575889,123.99234038272357,2.5754922486914946
67,anonymized_d4c7,2023-09-12 03:00:00,30.642018756878922,123.49554231722252,1.9401353849436607
68,anonymized_d4c7,2023-09-12 04:00:00,30.121250580737527,123.20831859328307,1.8080300657910762
69,anonymized_d4c7,2023-09-12 05:00:00,30.668156275218205,123.07164141607588,2.9293694137647313
70,anonymized_d4c7,2023-09-12 06:00:00,30.67904411364026,123.80039274457697,2.420882189775824
71,anonymized_d4c7,2023-09-12 07:00:00,30.54464647914056,123.99073541198894,2.0721900723917646
72,anonymized_d4c7,2023-09-12 08:00:00,30.298157284499155,123.68385934961861,1.7136721814398128
73,anonymized_d4c7,2023-09-12 09:00:00,30.54383899142992,123.40337508790837,2.9972770759137095
74,anonymized_d4c7,2023-09-12 10:00:00,30.56312067773313,123.05095380132961,3.7756001913140635
75,anonymized_d4c7,2023-09-12 11:00:00,30.224259642523155,123.5211733195412,3.129942084341386
76,anonymized_d4c7,2023-09-12 12:00:00,30.470045631049246,123.10958125155058,3.15810765942406
77,anonymized_d4c7,2023-09-12 13:00:00,30.432903250291464,123.2870504764332,1.9444856802722525
78,anonymized_d4c7,2023-09-12 14:00:00,30.07777244832488,123.48398285328355,3.3003748454618127
79,anonymized_d4c7,2023-09-12 15:00:00,30.60391003563615,123.9871203209963,3.8507571693256097
80,anonymized_d4c7,2023-09-12 16:00:00,30.6980635529877,123.02308109544292,2.7958880730859543
81,anonymized_d4c7,2023-09-12 17:00:00,30.539934754490023,123.21132059681503,1.8208749632867647
82,anonymized_d4c7,2023-09-12 18:00:00,30.014285593802203,123.29528868288531,2.722151013222806
83,anonymized_d4c7,2023-09-12 19:00:00,30.600051259215174,123.9814148659767,3.8880214025050996
84,anonymized_d4c7,2023-09-12 20:00:00,30.848608429127044,123.09342502416534,1.5401437140434149
85,anonymized_d4c7,2023-09-12 21:00:00,30.773713544023835,123.40858647782314,3.6259547455103425
86,anonymized_d4c7,2023-09-12 22:00:00,30.46067005062872,123.05504533026206,3.050305262370256
87,anonymized_d4c7,2023-09-12 23:00:00,30.344760167911332,123.24064780761277,2.2154487346183513
88,anonymized_d4c7,2023-09-13 00:00:00,30.806172429744255,123.82158322991769,1.9971454577509897
89,anonymized_d4c7,2023-09-13 01:00:00,30.726897426385833,123.54152893048993,3.9551877266547155
90,anonymized_d4c7,2023-09-13 02:00:00,30.979742061569397,123.14024348200951,2.572108911953025
91,anonymized_d4c7,2023-09-13 03:00:00,30.104038990191473,123.45017959207786,1.793277480665413
92,anonymized_d4c7,2023-09-13 04:00:00,30.409453123313455,123.3164390011413,1.6409323749383193
93,anonymized_d4c7,2023-09-13 05:00:00,30.105719290093685,123.13429225915769,3.253456509195046
94,anonymized_d4c7,2023-09-13 06:00:00,30.911043270725013,123.18838632902806,3.422162405324458
95,anonymized_d4c7,2023-09-13 07:00:00,30.66733520777724,123.03096709950175,3.2442865317429876
96,anonymized_d4c7,2023-09-13 08:00:00,30.429811140581407,123.08702126578453,3.538816992290466
97,anonymized_d4c7,2023-09-13 09:00:00,30.487061162096236,123.8832895668964,2.6843799391613237
98,anonymized_d4c7,2023-09-13 10:00:00,30.655482152007476,123.08675371019055,1.6591093883263865
99,anonymized_d4c7,2023-09-13 11:00:00,30.370893665108948,123.39280049654134,3.3658831815068035
100,anonymized_d4c7,2023-09-13 12:00:00,30.314900179934227,123.23854391959279,3.05091162883975
101,anonymized_d4c7,2023-09-13 13:00:00,30.404390743218414,123.1260287825289,3.479664650189582
102,anonymized_d4c7,2023-09-13 14:00:00,30.905944634178418,123.38481007128101,2.8295499367053103
103,anonymized_d4c7,2023-09-13 15:00:00,30.148071242677883,123.15135350966803,2.1150103520194468
104,anonymized_d4c7,2023-09-13 16:00:00,30.65891995428559,123.46934251217385,1.9085274042787876
105,anonymized_d4c7,2023-09-13 17:00:00,30.525741202298597,123.48275943322082,1.5574612234734495
106,anonymized_d4c7,2023-09-13 18:00:00,30.850846212877464,123.52853360722672,2.7706138096793254
107,anonymized_d4c7,2023-09-13 19:00:00,30.992851342992687,123.96525488381032,2.4768201549843036
108,anonymized_d4c7,2023-09-13 20:00:00,30.890869130911035,123.79143666435736,3.4210933875955427
109,anonymized_d4c7,2023-09-13 21:00:00,30.61319406791316,123.27897090340615,1.6083819673454682
110,anonymized_d4c7,2023-09-13 22:00:00,30.318310700344675,123.92586760471346,3.0857005969321465
111,anonymized_d4c7,2023-09-13 23:00:00,30.778409654786124,123.30080047099112,1.6600072587301604
112,anonymized_d4c7,2023-09-14 00:00:00,30.941964765249537,123.15787482762795,3.876978812952954
113,anonymized_d4c7,2023-09-14 01:00:00,30.604963284394884,123.2925656186702,3.278836627935913
114,anonymized_d4c7,2023-09-14 02:00:00,30.55109526851071,123.19978632542488,2.1136471856683254
115,anonymized_d4c7,2023-09-14 03:00:00,30.98297534799304,123.25988074207272,1.8349225612443765
116,anonymized_d4c7,2023-09-14 04:00:00,30.958029757294703,123.32517560026454,2.946554588417854
117,anonymized_d4c7,2023-09-14 05:00:00,30.991593965972672,123.06332719864413,3.8538173584679263
118,anonymized_d4c7,2023-09-14 06:00:00,30.388877359520826,123.25506149933008,1.6890472443905191
119,anonymized_d4c7,2023-09-14 07:00:00,30.711868666541132,123.2659657579003,1.8915805886609158
120,anonymized_d4c7,2023-09-14 08:00:00,30.911192183735903,123.75581012785139,3.9613415281823077
121,anonymized_d4c7,2023-09-14 09:00:00,30.489840106003975,123.85055385053121,2.5384175762524723
122,anonymized_d4c7,2023-09-14 10:00:00,30.836295192509123,123.84164712432678,3.629329882716974
123,anonymized_d4c7,2023-09-14 11:00:00,30.40914012935344,123.03579470744326,2.2248758302836236
124,anonymized_d4c7,2023-09-14 12:00:00,30.225926815005796,123.64277249149202,1.984951662141933
125,anonymized_d4c7,2023-09-14 13:00:00,30.402918598055308,123.46532704633465,1.7684784680167016
126,anonymized_d4c7,2023-09-14 14:00:00,30.444713037871338,123.37811767941153,2.318135867778781
127,anonymized_d4c7,2023-09-14 15:00:00,30.13443746192838,123.52632911225685,3.8540512594483047
128,anonymized_d4c7,2023-09-14 16:00:00,30.446829206557062,123.00466573644798,3.9421170665859897
129,anonymized_d4c7,2023-09-14 17:00:00,30.48394736782358,123.41241439455682,2.730464291739575
130,anonymized_d4c7,2023-09-14 18:00:00,30.274489441374797,123.37784706504002,2.6004487121522115
131,anonymized_d4c7,2023-09-14 19:00:00,30.386963796354603,123.25512904916145,1.7288064307278188
132,anonymized_d4c7,2023-09-14 20:00:00,30.71817608390147,123.33218144680453,2.1206979499330614
133,anonymized_d4c7,2023-09-14 21:00:00,30.664452907735743,123.80564925324893,1.6377090427580596
134,anonymized_d4c7,2023-09-14 22:00:00,30.414403371186417,123.00669426576641,1.934082047005202
135,anonymized_d4c7,2023-09-14 23:00:00,30.61728348035485,123.77245705514478,1.5828432861519988
136,anonymized_d4c7,2023-09-15 00:00:00,30.298339672108447,123.84662511316532,2.224106185883766
137,anonymized_d4c7,2023-09-15 01:00:00,30.14473790849757,123.68384295824823,3.0874244120846983
138,anonymized_d4c7,2023-09-15 02:00:00,30.564492983877937,123.96880491589322,3.9775697514155306
139,anonymized_d4c7,2023-09-15 03:00:00,30.87198643810076,123.35144182579923,2.4855047265357575
140,anonymized_d4c7,2023-09-15 04:00:00,30.687547249895452,123.25003131299415,1.7877279949336318
141,anonymized_d4c7,2023-09-15 05:00:00,30.841068195013683,123.37683224687953,1.5715117870024617
142,anonymized_d4c7,2023-09-15 06:00:00,30.056191319687056,123.92784479675201,2.083415166888691
143,anonymized_d4c7,2023-09-15 07:00:00,30.819165674135128,123.388489315792,3.431597490770031
144,anonymized_d4c7,2023-09-15 08:00:00,30.967913255362916,123.76207682426238,2.270065626496481
145,anonymized_d4c7,2023-09-15 09:00:00,30.838850183043256,123.0917807701854,3.9710200663161714
146,anonymized_d4c7,2023-09-15 10:00:00,30.712774868547783,123.50802852722427,3.751366599530216
147,anonymized_d4c7,2023-09-15 11:00:00,30.76059815962689,123.10977679595653,2.607365218048016
148,anonymized_d4c7,2023-09-15 12:00:00,30.35774424181328,123.89544846944563,3.186603013880489
149,anonymized_d4c7,2023-09-15 13:00:00,30.70330799964622,123.27039902989975,1.7509427833322417
150,anonymized_d4c7,2023-09-15 14:00:00,30.51550157532194,123.32105746349671,2.974889772599539
151,anonymized_d4c7,2023-09-15 15:00:00,30.7467221987507,123.9349413033931,2.2956066372398167
152,anonymized_d4c7,2023-09-15 16:00:00,30.382134497273636,123.67375710538931,3.5246999871429576
153,anonymized_d4c7,2023-09-15 17:00:00,30.792006719190145,123.88583855717418,2.206589386561964
154,anonymized_d4c7,2023-09-15 18:00:00,30.595379942754462,123.92905863622373,2.4781754237219964
155,anonymized_d4c7,2023-09-15 19:00:00,30.654119445518923,123.42818207345377,3.2735843033213516
156,anonymized_d4c7,2023-09-15 20:00:00,30.905428648967483,123.47003913865782,2.8158114474413285
157,anonymized_d4c7,2023-09-15 21:00:00,30.304869893573127,123.25546917716385,2.354593647212813
158,anonymized_d4c7,2023-09-15 22:00:00,30.028252168970056,123.59991666262617,3.6616455877744807
159,anonymized_d4c7,2023-09-15 23:00:00,30.295486275519536,123.10570331065719,3.895835068431975
160,anonymized_d4c7,2023-09-16 00:00:00,30.666868402999196,123.0469871770287,2.8646319488463465
161,anonymized_d4c7,2023-09-16 01:00:00,30.08131171258344,123.57611629600986,3.5651472382273393
162,anonymized_d4c7,2023-09-16 02:00:00,30.418760247015793,123.56947333801507,2.9248739952716347
163,anonymized_d4c7,2023-09-16 03:00:00,30.05454066249633,123.72604944419706,3.607874302997011
164,anonymized_d4c7,2023-09-16 04:00:00,30.41655456372872,123.23389798042273,2.1853720864142554
165,anonymized_d4c7,2023-09-16 05:00:00,30.672191955271433,123.53694603754066,2.716507332300232
166,anonymized_d4c7,2023-09-16 06:00:00,30.42169935667397,123.83975208966869,2.8671348778266568
167,anonymized_d4c7,2023-09-16 07:00:00,30.692663316368776,123.68341136839686,2.049846411454884
168,anonymized_d4c7,2023-09-16 08:00:00,30.3731312294774,123.91024090200276,3.4914836648012164
169,anonymized_d4c7,2023-09-16 09:00:00,30.32881933457556,123.80922769289943,2.6213277050076558
170,anonymized_d4c7,2023-09-16 10:00:00,30.532948544709548,123.0985604735105,3.0433500563571867
171,anonymized_d4c7,2023-09-16 11:00:00,30.521157594058124,123.42593685739412,1.8893598836022607
172,anonymized_d4c7,2023-09-16 12:00:00,30.019192695220436,123.05565082890259,3.509087078293625
173,anonymized_d4c7,2023-09-16 13:00:00,30.09056934514368,123.63878447151717,1.8683695988288784
174,anonymized_d4c7,2023-09-16 14:00:00,30.94991812098353,123.23294638970664,3.7240124093383695
175,anonymized_d4c7,2023-09-16 15:00:00,30.939903466981185,123.89326183484522,1.5734507318462942
176,anonymized_d4c7,2023-09-16 16:00:00,30.427202256424522,123.46709532241854,3.156231210624842
177,anonymized_d4c7,2023-09-16 17:00:00,30.356961247503897,123.21401189618398,2.7959641889327793
178,anonymized_d4c7,2023-09-16 18:00:00,30.91822929213677,123.4840587414184,2.468673674078746
179,anonymized_d4c7,2023-09-16 19:00:00,30.434299442834774,123.1453689456523,1.9097950067552873
180,anonymized_d4c7,2023-09-16 20:00:00,30.325021352339547,123.73999668226645,3.0303895086997006
181,anonymized_d4c7,2023-09-16 21:00:00,30.364934622745217,123.03083640327146,1.6919116351746126
182,anonymized_d4c7,2023-09-16 22:00:00,30.797498235374555,123.99746203508408,1.7979941351235453
183,anonymized_d4c7,2023-09-16 23:00:00,30.426659539209204,123.3855288832244,2.060010168160529
184,anonymized_d4c7,2023-09-17 00:00:00,30.612021624057647,123.98834504262263,1.9049377268585643
185,anonymized_d4c7,2023-09-17 01:00:00,30.356796766739095,123.2481141937515,3.1624055760949066
186,anonymized_d4c7,2023-09-17 02:00:00,30.719582929370727,123.59368895587694,2.9380018955180196
187,anonymized_d4c7,2023-09-17 03:00:00,30.957583589890145,123.73906101676033,1.9915218394555598
188,anonymized_d4c7,2023-09-17 04:00:00,30.740070918573824,123.54442046878826,1.9942517785491645
189,anonymized_d4c7,2023-09-17 05:00:00,30.829900619994707,123.75259062158601,2.0579280312867287
190,anonymized_d4c7,2023-09-17 06:00:00,30.39643704276544,123.64321823733886,3.266607822362602
191,anonymized_d4c7,2023-09-17 07:00:00,30.966814755899293,123.49170689705264,3.9117584320316503
192,anonymized_d4c7,2023-09-17 08:00:00,30.10740631418118,123.80277101139265,3.663424502955656
193,anonymized_d4c7,2023-09-17 09:00:00,30.47541691162576,123.1285385384968,1.745519555796828
194,anonymized_d4c7,2023-09-17 10:00:00,30.550968543601634,123.56165294057308,1.549165108438044
195,anonymized_d4c7,2023-09-17 11:00:00,30.633183016998508,123.95644980413778,1.6222343196772677
196,anonymized_d4c7,2023-09-17 12:00:00,30.803441888583208,123.27010990674295,1.812048118977795
197,anonymized_d4c7,2023-09-17 13:00:00,30.265192105724257,123.28292027492793,2.0306699378952455
198,anonymized_d4c7,2023-09-17 14:00:00,30.715853727714002,123.16128479158145,3.9613773630676503
199,anonymized_d4c7,2023-09-17 15:00:00,30.346155341017166,123.65744656203323,3.1938216306586087
200,anonymized_d4c7,2023-09-17 16:00:00,30.131902276187247,123.34668102250994,3.2474802325824816
201,anonymized_d4c7,2023-09-17 17:00:00,30.239920133770326,123.26002400162143,2.490549867982309
202,anonymized_d4c7,2023-09-17 18:00:00,30.263328629973923,123.19498715464347,2.25739613046133
203,anonymized_d4c7,2023-09-17 19:00:00,30.95911953026037,123.1356666883702,2.57274654537657
204,anonymized_d4c7,2023-09-17 20:00:00,30.658041184311415,123.56543281416103,2.042755553689752
205,anonymized_d4c7,2023-09-17 21:00:00,30.61045698231746,123.016875113241,3.1058802082352166
206,anonymized_d4c7,2023-09-17 22:00:00,30.212126513032743,123.68885790169801,2.7028967956546133
207,anonymized_d4c7,2023-09-17 23:00:00,30.92513747150186,123.49789991919253,2.2362054380083918
208,anonymized_d4c7,2023-09-18 00:00:00,30.92465830323387,123.24099667082656,2.673297271000095
209,anonymized_d4c7,2023-09-18 01:00:00,30.51521963331137,123.23545066251437,3.0835521154737435
210,anonymized_d4c7,2023-09-18 02:00:00,30.0181575678586,123.41365995691514,3.682899890771844
211,anonymized_d4c7,2023-09-18 03:00:00,30.668027509168635,123.20444101675433,3.8631549219095866
212,anonymized_d4c7,2023-09-18 04:00:00,30.59744130809257,123.00431111776356,3.816446960701229
213,anonymized_d4c7,2023-09-18 05:00:00,30.85218863392271,123.32429449305941,3.067979927990865
214,anonymized_d4c7,2023-09-18 06:00:00,30.414673170506244,123.49205807904754,3.7303544158204676
215,anonymized_d4c7,2023-09-18 07:00:00,30.576632375977347,123.26671158759426,3.111720353859213
216,anonymized_d4c7,2023-09-18 08:00:00,30.03747812394652,123.71443409862702,2.636047617761479
217,anonymized_d4c7,2023-09-18 09:00:00,30.870542795767843,123.62634748717366,1.6192598599012265
218,anonymized_d4c7,2023-09-18 10:00:00,30.23987464777951,123.12124896914774,3.7368887268365265
219,anonymized_d4c7,2023-09-18 11:00:00,30.36412593832798,123.59553015425782,1.7538459682630745
220,anonymized_d4c7,2023-09-18 12:00:00,30.31951954078389,123.49195408680828,2.4725342344451295
221,anonymized_d4c7,2023-09-18 13:00:00,30.345271299379746,123.05745425252113,3.034302444507769
222,anonymized_d4c7,2023-09-18 14:00:00,30.03902032384857,123.6863179046186,3.147660314118049
223,anonymized_d4c7,2023-09-18 15:00:00,30.663570694907538,123.80662689835565,2.763618552539661
224,anonymized_d4c7,2023-09-18 16:00:00,30.197855588310734,123.80570877577588,2.483416082654565
225,anonymized_d4c7,2023-09-18 17:00:00,30.880659034387193,123.11897793542681,2.4720781972862245
226,anonymized_d4c7,2023-09-18 18:00:00,30.54869506863622,123.40379745597762,1.6581439647429246
227,anonymized_d4c7,2023-09-18 19:00:00,30.38796537504564,123.14323571079274,3.6994793287496446
228,anonymized_d4c7,2023-09-18 20:00:00,30.472978664166945,123.27788771026526,2.6077903019098905
229,anonymized_d4c7,2023-09-18 21:00:00,30.64014578241413,123.97896518943776,3.1361171314626928
230,anonymized_d4c7,2023-09-18 22:00:00,30.424238115711336,123.17350055463015,2.826979533363597
231,anonymized_d4c7,2023-09-18 23:00:00,30.138944696670926,123.19315419692512,3.1116679750851493
232,anonymized_d4c7,2023-09-19 00:00:00,30.897551069543255,123.95193185598686,10.379279822290805
233,anonymized_d4c7,2023-09-19 01:00:00,30.806770358087014,123.69837624455987,8.885754288134393
234,anonymized_d4c7,2023-09-19 02:00:00,30.58573357046939,123.05674105017536,8.742196223207543
235,anonymized_d4c7,2023-09-19 03:00:00,30.316982404120267,123.59078720332583,8.827807932319072
236,anonymized_d4c7,2023-09-19 04:00:00,30.55617761992701,123.95507218113609,8.199566179903204
237,anonymized_d4c7,2023-09-19 05:00:00,30.35714462760634,123.19610487829816,8.967421135808593
238,anonymized_d4c7,2023-09-19 06:00:00,30.284628853331697,123.29097226218616,10.516034098872835
239,anonymized_d4c7,2023-09-19 07:00:00,30.89904071880648,123.95734524154611,8.136398996048062
240,anonymized_d4c7,2023-09-19 08:00:00,30.713778315256555,123.33702742168661,8.566403118245045
241,anonymized_d4c7,2023-09-19 09:00:00,30.327071577684364,123.96331225039822,11.26830980122715
242,anonymized_d4c7,2023-09-19 10:00:00,30.822266449887056,123.59197562346797,8.897486303549687
243,anonymized_d4c7,2023-09-19 11:00:00,30.37654990050095,123.07315432060629,8.638684907045256
244,anonymized_d4c7,2023-09-19 12:00:00,30.915361929743256,123.22719147959576,10.928432954762537
245,anonymized_d4c7,2023-09-19 13:00:00,30.309692173215403,123.6163761449306,9.67697578519083
246,anonymized_d4c7,2023-09-19 14:00:00,30.463793883518154,123.05068749555603,11.611186051888264
247,anonymized_d4c7,2023-09-19 15:00:00,30.414089772079603,123.99401345968076,10.656189980869234
248,anonymized_d4c7,2023-09-19 16:00:00,30.489221273546338,123.43951202677496,10.721759489030756
249,anonymized_d4c7,2023-09-19 17:00:00,30.51343242225362,123.17194667010493,9.645844860469078
250,anonymized_d4c7,2023-09-19 18:00:00,30.65908230020937,123.11636612196449,11.620247078596957
251,anonymized_d4c7,2023-09-19 19:00:00,30.742432118898503,123.35160413646666,8.371797855188424
252,anonymized_d4c7,2023-09-19 20:00:00,30.250456846279466,123.12218353577,10.752507203098688
253,anonymized_d4c7,2023-09-19 21:00:00,30.436353223343172,123.90400302481801,11.251618235688843
254,anonymized_d4c7,2023-09-19 22:00:00,30.839605848599902,123.27749288133994,11.46221832291273
255,anonymized_d4c7,2023-09-19 23:00:00,30.143531681206017,123.11295070817776,11.201804137344409
256,anonymized_d4c7,2023-09-20 00:00:00,30.623532511860972,123.94575355390393,9.231803486846843
257,anonymized_d4c7,2023-09-20 01:00:00,30.306061276540806,123.44125570986209,8.73137781265174
258,anonymized_d4c7,2023-09-20 02:00:00,30.94262844319624,123.76709505068332,11.654705505349597
259,anonymized_d4c7,2023-09-20 03:00:00,30.272022631825514,123.9317995674711,11.08045552142965
260,anonymized_d4c7,2023-09-20 04:00:00,30.991989248522177,123.0745250452684,10.93605266843658
261,anonymized_d4c7,2023-09-20 05:00:00,30.38059408136002,123.07346578486087,9.207312341639486
262,anonymized_d4c7,2023-09-20 06:00:00,30.435990368061276,123.15264664183489,8.50429079320015
263,anonymized_d4c7,2023-09-20 07:00:00,30.28042061970615,123.56365972318186,11.743343681490424
264,anonymized_d4c7,2023-09-20 08:00:00,30.932814565839216,123.01349760390978,8.325936877175852
265,anonymized_d4c7,2023-09-20 09:00:00,30.375439729091973,123.12858536380094,11.09455377176141
266,anonymized_d4c7,2023-09-20 10:00:00,30.882553689170372,123.88918584350174,8.115642564352482
267,anonymized_d4c7,2023-09-20 11:00:00,30.837973152481062,123.6221169830983,11.113593372810957
268,anonymized_d4c7,2023-09-20 12:00:00,30.223396149205676,123.87847555739178,11.531838864101822
269,anonymized_d4c7,2023-09-20 13:00:00,30.52026071584084,123.51932639767467,9.136631909590676
270,anonymized_d4c7,2023-09-20 14:00:00,30.66693818077666,123.27654782124131,8.679061572501531
271,anonymized_d4c7,2023-09-20 15:00:00,30.7411075647918,123.31957806787987,11.29118798337925
272,anonymized_d4c7,2023-09-20 16:00:00,30.62885745437036,123.19545623955787,9.921232194501918
273,anonymized_d4c7,2023-09-20 17:00:00,30.22013519722054,123.37121019176114,11.529638853297818
274,anonymized_d4c7,2023-09-20 18:00:00,30.405775697238717,123.64706815977578,10.51123553220868
275,anonymized_d4c7,2023-09-20 19:00:00,30.477991108245803,123.46126208959907,11.659691771432943
276,anonymized_d4c7,2023-09-20 20:00:00,30.079746659507734,123.77129447451044,9.07897507479565
277,anonymized_d4c7,2023-09-20 21:00:00,30.65180244516391,123.25602316945822,11.26360099304716
278,anonymized_d4c7,2023-09-20 22:00:00,30.345021018643607,123.34313159897901,9.515845915419314
279,anonymized_d4c7,2023-09-20 23:00:00,30.300753515739697,123.73056684600927,9.775685065338966
280,anonymized_d4c7,2023-09-21 00:00:00,30.892993608811327,123.02375201210278,9.737184910094157
281,anonymized_d4c7,2023-09-21 01:00:00,30.665339618633592,123.78866483399541,9.209962541605023
282,anonymized_d4c7,2023-09-21 02:00:00,30.08391632960894,123.36765251889811,11.17246116666773
283,anonymized_d4c7,2023-09-21 03:00:00,30.90340551179362,123.15707851150744,11.963335605913906
284,anonymized_d4c7,2023-09-21 04:00:00,30.75705942128134,123.31839443345486,8.009045517949156
285,anonymized_d4c7,2023-09-21 05:00:00,30.610955889064893,123.83039052366449,8.731462259545284
286,anonymized_d4c7,2023-09-21 06:00:00,30.953132384528367,123.62001078394712,8.857077248016465
287,anonymized_d4c7,2023-09-21 07:00:00,30.19063291796724,123.18050240964808,9.480703672756398
288,anonymized_d4c7,2023-09-21 08:00:00,30.66849928908884,123.90100750129204,9.701426220429898
289,anonymized_d4c7,2023-09-21 09:00:00,30.06289263402851,123.6962396137021,11.848643655159606
290,anonymized_d4c7,2023-09-21 10:00:00,30.320023612491976,123.30281037659591,8.225472589411122
291,anonymized_d4c7,2023-09-21 11:00:00,30.6187454355674,123.53223700604333,8.734129134263108
292,anonymized_d4c7,2023-09-21 12:00:00,30.12393904260524,123.00369314739216,11.070322181994658
293,anonymized_d4c7,2023-09-21 13:00:00,30.440093722566285,123.2937341099014,11.066624211143932
294,anonymized_d4c7,2023-09-21 14:00:00,30.4676079770113,123.70412720825723,8.923525684672013
295,anonymized_d4c7,2023-09-21 15:00:00,30.454930249079226,123.42867502042861,9.910065552491004
